"DTI_CL_INDICADOR","Indicador","DTI_CL_TRIMESTRE_MOVIL","Trimestre Móvil","DTI_CL_TRAMO_ETARIO","Tramo etario","DTI_CL_SEXO","Sexo","Value","Flag Codes","Flags"
"INF_TOI_P2017","Tasa de ocupación informal (proyecciones base 2017)","2017-V08","2017 jul-sep","_T","Total","_T","Ambos sexos",28.5354602608932,,
"INF_TOI_P2017","Tasa de ocupación informal (proyecciones base 2017)","2017-V08","2017 jul-sep","Y15T24","15-24 años","_T","Ambos sexos",37.1199289278672,,
"INF_TOI_P2017","Tasa de ocupación informal (proyecciones base 2017)","2017-V08","2017 jul-sep","Y25T34","25-34 años","_T","Ambos sexos",25.2992751158148,,
"INF_TOI_P2017","Tasa de ocupación informal (proyecciones base 2017)","2017-V08","2017 jul-sep","Y35T44","35-44 años","_T","Ambos sexos",24.8573020723836,,
"INF_TOI_P2017","Tasa de ocupación informal (proyecciones base 2017)","2017-V08","2017 jul-sep","Y45T54","45-54 años","_T","Ambos sexos",25.7010464713932,,
"INF_TOI_P2017","Tasa de ocupación informal (proyecciones base 2017)","2017-V08","2017 jul-sep","Y55T64","55-64 años","_T","Ambos sexos",29.1122833833819,,
"INF_TOI_P2017","Tasa de ocupación informal (proyecciones base 2017)","2017-V08","2017 jul-sep","Y_GE65","65 años y más","_T","Ambos sexos",52.6517724169056,,
"INF_TOI_P2017","Tasa de ocupación informal (proyecciones base 2017)","2017-V09","2017 ago-oct","_T","Total","_T","Ambos sexos",28.9567214603421,,
"INF_TOI_P2017","Tasa de ocupación informal (proyecciones base 2017)","2017-V09","2017 ago-oct","Y15T24","15-24 años","_T","Ambos sexos",37.0748563416746,,
"INF_TOI_P2017","Tasa de ocupación informal (proyecciones base 2017)","2017-V09","2017 ago-oct","Y25T34","25-34 años","_T","Ambos sexos",26.1478270992232,,
"INF_TOI_P2017","Tasa de ocupación informal (proyecciones base 2017)","2017-V09","2017 ago-oct","Y35T44","35-44 años","_T","Ambos sexos",25.0388215201815,,
"INF_TOI_P2017","Tasa de ocupación informal (proyecciones base 2017)","2017-V09","2017 ago-oct","Y45T54","45-54 años","_T","Ambos sexos",25.4250082958493,,
"INF_TOI_P2017","Tasa de ocupación informal (proyecciones base 2017)","2017-V09","2017 ago-oct","Y55T64","55-64 años","_T","Ambos sexos",30.746169106363,,
"INF_TOI_P2017","Tasa de ocupación informal (proyecciones base 2017)","2017-V09","2017 ago-oct","Y_GE65","65 años y más","_T","Ambos sexos",52.1970265077832,,
"INF_TOI_P2017","Tasa de ocupación informal (proyecciones base 2017)","2017-V10","2017 sep-nov","_T","Total","_T","Ambos sexos",29.476631048235,,
"INF_TOI_P2017","Tasa de ocupación informal (proyecciones base 2017)","2017-V10","2017 sep-nov","Y15T24","15-24 años","_T","Ambos sexos",38.2840451375057,,
"INF_TOI_P2017","Tasa de ocupación informal (proyecciones base 2017)","2017-V10","2017 sep-nov","Y25T34","25-34 años","_T","Ambos sexos",26.5778908703004,,
"INF_TOI_P2017","Tasa de ocupación informal (proyecciones base 2017)","2017-V10","2017 sep-nov","Y35T44","35-44 años","_T","Ambos sexos",25.5236980968427,,
"INF_TOI_P2017","Tasa de ocupación informal (proyecciones base 2017)","2017-V10","2017 sep-nov","Y45T54","45-54 años","_T","Ambos sexos",25.8571579270901,,
"INF_TOI_P2017","Tasa de ocupación informal (proyecciones base 2017)","2017-V10","2017 sep-nov","Y55T64","55-64 años","_T","Ambos sexos",31.2550953810261,,
"INF_TOI_P2017","Tasa de ocupación informal (proyecciones base 2017)","2017-V10","2017 sep-nov","Y_GE65","65 años y más","_T","Ambos sexos",52.1301886046166,,
"INF_TOI_P2017","Tasa de ocupación informal (proyecciones base 2017)","2017-V11","2017 oct-dic","_T","Total","_T","Ambos sexos",29.6218774417976,,
"INF_TOI_P2017","Tasa de ocupación informal (proyecciones base 2017)","2017-V11","2017 oct-dic","Y15T24","15-24 años","_T","Ambos sexos",38.6389294173656,,
"INF_TOI_P2017","Tasa de ocupación informal (proyecciones base 2017)","2017-V11","2017 oct-dic","Y25T34","25-34 años","_T","Ambos sexos",26.7334062761015,,
"INF_TOI_P2017","Tasa de ocupación informal (proyecciones base 2017)","2017-V11","2017 oct-dic","Y35T44","35-44 años","_T","Ambos sexos",25.4246579150103,,
"INF_TOI_P2017","Tasa de ocupación informal (proyecciones base 2017)","2017-V11","2017 oct-dic","Y45T54","45-54 años","_T","Ambos sexos",26.5356122138466,,
"INF_TOI_P2017","Tasa de ocupación informal (proyecciones base 2017)","2017-V11","2017 oct-dic","Y55T64","55-64 años","_T","Ambos sexos",31.356060807058,,
"INF_TOI_P2017","Tasa de ocupación informal (proyecciones base 2017)","2017-V11","2017 oct-dic","Y_GE65","65 años y más","_T","Ambos sexos",51.5340165515169,,
"INF_TOI_P2017","Tasa de ocupación informal (proyecciones base 2017)","2017-V12","2017 nov-ene","_T","Total","_T","Ambos sexos",29.0780554860102,,
"INF_TOI_P2017","Tasa de ocupación informal (proyecciones base 2017)","2017-V12","2017 nov-ene","Y15T24","15-24 años","_T","Ambos sexos",40.3601912962143,,
"INF_TOI_P2017","Tasa de ocupación informal (proyecciones base 2017)","2017-V12","2017 nov-ene","Y25T34","25-34 años","_T","Ambos sexos",25.2583443038743,,
"INF_TOI_P2017","Tasa de ocupación informal (proyecciones base 2017)","2017-V12","2017 nov-ene","Y35T44","35-44 años","_T","Ambos sexos",25.2594098018998,,
"INF_TOI_P2017","Tasa de ocupación informal (proyecciones base 2017)","2017-V12","2017 nov-ene","Y45T54","45-54 años","_T","Ambos sexos",25.8190767279235,,
"INF_TOI_P2017","Tasa de ocupación informal (proyecciones base 2017)","2017-V12","2017 nov-ene","Y55T64","55-64 años","_T","Ambos sexos",30.1920822577579,,
"INF_TOI_P2017","Tasa de ocupación informal (proyecciones base 2017)","2017-V12","2017 nov-ene","Y_GE65","65 años y más","_T","Ambos sexos",51.6768370539489,,
"INF_TOI_P2017","Tasa de ocupación informal (proyecciones base 2017)","2018-V01","2018 dic-feb","_T","Total","_T","Ambos sexos",28.8784316324356,,
"INF_TOI_P2017","Tasa de ocupación informal (proyecciones base 2017)","2018-V01","2018 dic-feb","Y15T24","15-24 años","_T","Ambos sexos",42.0213112087215,,
"INF_TOI_P2017","Tasa de ocupación informal (proyecciones base 2017)","2018-V01","2018 dic-feb","Y25T34","25-34 años","_T","Ambos sexos",24.7493100123613,,
"INF_TOI_P2017","Tasa de ocupación informal (proyecciones base 2017)","2018-V01","2018 dic-feb","Y35T44","35-44 años","_T","Ambos sexos",24.8400269975856,,
"INF_TOI_P2017","Tasa de ocupación informal (proyecciones base 2017)","2018-V01","2018 dic-feb","Y45T54","45-54 años","_T","Ambos sexos",25.5365542092637,,
"INF_TOI_P2017","Tasa de ocupación informal (proyecciones base 2017)","2018-V01","2018 dic-feb","Y55T64","55-64 años","_T","Ambos sexos",30.0657427553984,,
"INF_TOI_P2017","Tasa de ocupación informal (proyecciones base 2017)","2018-V01","2018 dic-feb","Y_GE65","65 años y más","_T","Ambos sexos",49.8891029510288,,
"INF_TOI_P2017","Tasa de ocupación informal (proyecciones base 2017)","2018-V02","2018 ene-mar","_T","Total","_T","Ambos sexos",28.6259917271581,,
"INF_TOI_P2017","Tasa de ocupación informal (proyecciones base 2017)","2018-V02","2018 ene-mar","Y15T24","15-24 años","_T","Ambos sexos",41.0449639019033,,
"INF_TOI_P2017","Tasa de ocupación informal (proyecciones base 2017)","2018-V02","2018 ene-mar","Y25T34","25-34 años","_T","Ambos sexos",24.5187669980725,,
"INF_TOI_P2017","Tasa de ocupación informal (proyecciones base 2017)","2018-V02","2018 ene-mar","Y35T44","35-44 años","_T","Ambos sexos",24.2619018869578,,
"INF_TOI_P2017","Tasa de ocupación informal (proyecciones base 2017)","2018-V02","2018 ene-mar","Y45T54","45-54 años","_T","Ambos sexos",25.2371707561274,,
"INF_TOI_P2017","Tasa de ocupación informal (proyecciones base 2017)","2018-V02","2018 ene-mar","Y55T64","55-64 años","_T","Ambos sexos",30.808335831591,,
"INF_TOI_P2017","Tasa de ocupación informal (proyecciones base 2017)","2018-V02","2018 ene-mar","Y_GE65","65 años y más","_T","Ambos sexos",50.0014523840287,,
"INF_TOI_P2017","Tasa de ocupación informal (proyecciones base 2017)","2018-V03","2018 feb-abr","_T","Total","_T","Ambos sexos",28.4555945538096,,
"INF_TOI_P2017","Tasa de ocupación informal (proyecciones base 2017)","2018-V03","2018 feb-abr","Y15T24","15-24 años","_T","Ambos sexos",40.7534013510572,,
"INF_TOI_P2017","Tasa de ocupación informal (proyecciones base 2017)","2018-V03","2018 feb-abr","Y25T34","25-34 años","_T","Ambos sexos",24.5498326189439,,
"INF_TOI_P2017","Tasa de ocupación informal (proyecciones base 2017)","2018-V03","2018 feb-abr","Y35T44","35-44 años","_T","Ambos sexos",23.3804054370102,,
"INF_TOI_P2017","Tasa de ocupación informal (proyecciones base 2017)","2018-V03","2018 feb-abr","Y45T54","45-54 años","_T","Ambos sexos",25.2421506307598,,
"INF_TOI_P2017","Tasa de ocupación informal (proyecciones base 2017)","2018-V03","2018 feb-abr","Y55T64","55-64 años","_T","Ambos sexos",31.2891648661691,,
"INF_TOI_P2017","Tasa de ocupación informal (proyecciones base 2017)","2018-V03","2018 feb-abr","Y_GE65","65 años y más","_T","Ambos sexos",50.4788088349315,,
"INF_TOI_P2017","Tasa de ocupación informal (proyecciones base 2017)","2018-V04","2018 mar-may","_T","Total","_T","Ambos sexos",28.2669105059289,,
"INF_TOI_P2017","Tasa de ocupación informal (proyecciones base 2017)","2018-V04","2018 mar-may","Y15T24","15-24 años","_T","Ambos sexos",38.2234335642541,,
"INF_TOI_P2017","Tasa de ocupación informal (proyecciones base 2017)","2018-V04","2018 mar-may","Y25T34","25-34 años","_T","Ambos sexos",24.5398242732323,,
"INF_TOI_P2017","Tasa de ocupación informal (proyecciones base 2017)","2018-V04","2018 mar-may","Y35T44","35-44 años","_T","Ambos sexos",24.0425805387566,,
"INF_TOI_P2017","Tasa de ocupación informal (proyecciones base 2017)","2018-V04","2018 mar-may","Y45T54","45-54 años","_T","Ambos sexos",24.9857671625042,,
"INF_TOI_P2017","Tasa de ocupación informal (proyecciones base 2017)","2018-V04","2018 mar-may","Y55T64","55-64 años","_T","Ambos sexos",30.9340229991795,,
"INF_TOI_P2017","Tasa de ocupación informal (proyecciones base 2017)","2018-V04","2018 mar-may","Y_GE65","65 años y más","_T","Ambos sexos",50.9309564573539,,
"INF_TOI_P2017","Tasa de ocupación informal (proyecciones base 2017)","2018-V05","2018 abr-jun","_T","Total","_T","Ambos sexos",28.0320732585708,,
"INF_TOI_P2017","Tasa de ocupación informal (proyecciones base 2017)","2018-V05","2018 abr-jun","Y15T24","15-24 años","_T","Ambos sexos",37.7979392190751,,
"INF_TOI_P2017","Tasa de ocupación informal (proyecciones base 2017)","2018-V05","2018 abr-jun","Y25T34","25-34 años","_T","Ambos sexos",24.3273282718078,,
"INF_TOI_P2017","Tasa de ocupación informal (proyecciones base 2017)","2018-V05","2018 abr-jun","Y35T44","35-44 años","_T","Ambos sexos",23.7335387026402,,
"INF_TOI_P2017","Tasa de ocupación informal (proyecciones base 2017)","2018-V05","2018 abr-jun","Y45T54","45-54 años","_T","Ambos sexos",25.2474650190443,,
"INF_TOI_P2017","Tasa de ocupación informal (proyecciones base 2017)","2018-V05","2018 abr-jun","Y55T64","55-64 años","_T","Ambos sexos",30.3143999068065,,
"INF_TOI_P2017","Tasa de ocupación informal (proyecciones base 2017)","2018-V05","2018 abr-jun","Y_GE65","65 años y más","_T","Ambos sexos",50.9832208656775,,
"INF_TOI_P2017","Tasa de ocupación informal (proyecciones base 2017)","2018-V06","2018 may-jul","_T","Total","_T","Ambos sexos",27.7942270187411,,
"INF_TOI_P2017","Tasa de ocupación informal (proyecciones base 2017)","2018-V06","2018 may-jul","Y15T24","15-24 años","_T","Ambos sexos",36.7330751932384,,
"INF_TOI_P2017","Tasa de ocupación informal (proyecciones base 2017)","2018-V06","2018 may-jul","Y25T34","25-34 años","_T","Ambos sexos",24.1079244708966,,
"INF_TOI_P2017","Tasa de ocupación informal (proyecciones base 2017)","2018-V06","2018 may-jul","Y35T44","35-44 años","_T","Ambos sexos",23.3121988390291,,
"INF_TOI_P2017","Tasa de ocupación informal (proyecciones base 2017)","2018-V06","2018 may-jul","Y45T54","45-54 años","_T","Ambos sexos",25.4269623093574,,
"INF_TOI_P2017","Tasa de ocupación informal (proyecciones base 2017)","2018-V06","2018 may-jul","Y55T64","55-64 años","_T","Ambos sexos",29.860815475734,,
"INF_TOI_P2017","Tasa de ocupación informal (proyecciones base 2017)","2018-V06","2018 may-jul","Y_GE65","65 años y más","_T","Ambos sexos",51.6164052390175,,
"INF_TOI_P2017","Tasa de ocupación informal (proyecciones base 2017)","2018-V07","2018 jun-ago","_T","Total","_T","Ambos sexos",27.6850209745708,,
"INF_TOI_P2017","Tasa de ocupación informal (proyecciones base 2017)","2018-V07","2018 jun-ago","Y15T24","15-24 años","_T","Ambos sexos",37.8688460977409,,
"INF_TOI_P2017","Tasa de ocupación informal (proyecciones base 2017)","2018-V07","2018 jun-ago","Y25T34","25-34 años","_T","Ambos sexos",24.0535291879973,,
"INF_TOI_P2017","Tasa de ocupación informal (proyecciones base 2017)","2018-V07","2018 jun-ago","Y35T44","35-44 años","_T","Ambos sexos",22.341554476737,,
"INF_TOI_P2017","Tasa de ocupación informal (proyecciones base 2017)","2018-V07","2018 jun-ago","Y45T54","45-54 años","_T","Ambos sexos",25.9354741797214,,
"INF_TOI_P2017","Tasa de ocupación informal (proyecciones base 2017)","2018-V07","2018 jun-ago","Y55T64","55-64 años","_T","Ambos sexos",29.6350176965121,,
"INF_TOI_P2017","Tasa de ocupación informal (proyecciones base 2017)","2018-V07","2018 jun-ago","Y_GE65","65 años y más","_T","Ambos sexos",51.2630918262648,,
"INF_TOI_P2017","Tasa de ocupación informal (proyecciones base 2017)","2018-V08","2018 jul-sep","_T","Total","_T","Ambos sexos",27.7321825074832,,
"INF_TOI_P2017","Tasa de ocupación informal (proyecciones base 2017)","2018-V08","2018 jul-sep","Y15T24","15-24 años","_T","Ambos sexos",37.5820132240873,,
"INF_TOI_P2017","Tasa de ocupación informal (proyecciones base 2017)","2018-V08","2018 jul-sep","Y25T34","25-34 años","_T","Ambos sexos",24.1134490944677,,
"INF_TOI_P2017","Tasa de ocupación informal (proyecciones base 2017)","2018-V08","2018 jul-sep","Y35T44","35-44 años","_T","Ambos sexos",22.5411314214034,,
"INF_TOI_P2017","Tasa de ocupación informal (proyecciones base 2017)","2018-V08","2018 jul-sep","Y45T54","45-54 años","_T","Ambos sexos",25.6895080616857,,
"INF_TOI_P2017","Tasa de ocupación informal (proyecciones base 2017)","2018-V08","2018 jul-sep","Y55T64","55-64 años","_T","Ambos sexos",29.8313944149114,,
"INF_TOI_P2017","Tasa de ocupación informal (proyecciones base 2017)","2018-V08","2018 jul-sep","Y_GE65","65 años y más","_T","Ambos sexos",51.5609296910643,,
"INF_TOI_P2017","Tasa de ocupación informal (proyecciones base 2017)","2018-V09","2018 ago-oct","_T","Total","_T","Ambos sexos",28.5538611918137,,
"INF_TOI_P2017","Tasa de ocupación informal (proyecciones base 2017)","2018-V09","2018 ago-oct","Y15T24","15-24 años","_T","Ambos sexos",39.2656727204394,,
"INF_TOI_P2017","Tasa de ocupación informal (proyecciones base 2017)","2018-V09","2018 ago-oct","Y25T34","25-34 años","_T","Ambos sexos",24.3927963373846,,
"INF_TOI_P2017","Tasa de ocupación informal (proyecciones base 2017)","2018-V09","2018 ago-oct","Y35T44","35-44 años","_T","Ambos sexos",23.6598252411038,,
"INF_TOI_P2017","Tasa de ocupación informal (proyecciones base 2017)","2018-V09","2018 ago-oct","Y45T54","45-54 años","_T","Ambos sexos",26.1671402679155,,
"INF_TOI_P2017","Tasa de ocupación informal (proyecciones base 2017)","2018-V09","2018 ago-oct","Y55T64","55-64 años","_T","Ambos sexos",30.9055448764674,,
"INF_TOI_P2017","Tasa de ocupación informal (proyecciones base 2017)","2018-V09","2018 ago-oct","Y_GE65","65 años y más","_T","Ambos sexos",52.7986645415146,,
"INF_TOI_P2017","Tasa de ocupación informal (proyecciones base 2017)","2018-V10","2018 sep-nov","_T","Total","_T","Ambos sexos",29.2802898001929,,
"INF_TOI_P2017","Tasa de ocupación informal (proyecciones base 2017)","2018-V10","2018 sep-nov","Y15T24","15-24 años","_T","Ambos sexos",38.9699593946443,,
"INF_TOI_P2017","Tasa de ocupación informal (proyecciones base 2017)","2018-V10","2018 sep-nov","Y25T34","25-34 años","_T","Ambos sexos",25.5807351703229,,
"INF_TOI_P2017","Tasa de ocupación informal (proyecciones base 2017)","2018-V10","2018 sep-nov","Y35T44","35-44 años","_T","Ambos sexos",24.3838951744632,,
"INF_TOI_P2017","Tasa de ocupación informal (proyecciones base 2017)","2018-V10","2018 sep-nov","Y45T54","45-54 años","_T","Ambos sexos",26.20394163528,,
"INF_TOI_P2017","Tasa de ocupación informal (proyecciones base 2017)","2018-V10","2018 sep-nov","Y55T64","55-64 años","_T","Ambos sexos",32.0824277647889,,
"INF_TOI_P2017","Tasa de ocupación informal (proyecciones base 2017)","2018-V10","2018 sep-nov","Y_GE65","65 años y más","_T","Ambos sexos",54.3784763557619,,
"INF_TOI_P2017","Tasa de ocupación informal (proyecciones base 2017)","2018-V11","2018 oct-dic","_T","Total","_T","Ambos sexos",29.0970007435522,,
"INF_TOI_P2017","Tasa de ocupación informal (proyecciones base 2017)","2018-V11","2018 oct-dic","Y15T24","15-24 años","_T","Ambos sexos",38.4743944189712,,
"INF_TOI_P2017","Tasa de ocupación informal (proyecciones base 2017)","2018-V11","2018 oct-dic","Y25T34","25-34 años","_T","Ambos sexos",25.7199152688788,,
"INF_TOI_P2017","Tasa de ocupación informal (proyecciones base 2017)","2018-V11","2018 oct-dic","Y35T44","35-44 años","_T","Ambos sexos",24.1779064094599,,
"INF_TOI_P2017","Tasa de ocupación informal (proyecciones base 2017)","2018-V11","2018 oct-dic","Y45T54","45-54 años","_T","Ambos sexos",26.051178638482,,
"INF_TOI_P2017","Tasa de ocupación informal (proyecciones base 2017)","2018-V11","2018 oct-dic","Y55T64","55-64 años","_T","Ambos sexos",31.664791972244,,
"INF_TOI_P2017","Tasa de ocupación informal (proyecciones base 2017)","2018-V11","2018 oct-dic","Y_GE65","65 años y más","_T","Ambos sexos",53.8143211164147,,
"INF_TOI_P2017","Tasa de ocupación informal (proyecciones base 2017)","2018-V12","2018 nov-ene","_T","Total","_T","Ambos sexos",28.597840849972,,
"INF_TOI_P2017","Tasa de ocupación informal (proyecciones base 2017)","2018-V12","2018 nov-ene","Y15T24","15-24 años","_T","Ambos sexos",38.5041657394302,,
"INF_TOI_P2017","Tasa de ocupación informal (proyecciones base 2017)","2018-V12","2018 nov-ene","Y25T34","25-34 años","_T","Ambos sexos",24.6536730372724,,
"INF_TOI_P2017","Tasa de ocupación informal (proyecciones base 2017)","2018-V12","2018 nov-ene","Y35T44","35-44 años","_T","Ambos sexos",24.3538466678652,,
"INF_TOI_P2017","Tasa de ocupación informal (proyecciones base 2017)","2018-V12","2018 nov-ene","Y45T54","45-54 años","_T","Ambos sexos",25.5127048974679,,
"INF_TOI_P2017","Tasa de ocupación informal (proyecciones base 2017)","2018-V12","2018 nov-ene","Y55T64","55-64 años","_T","Ambos sexos",30.8087191209916,,
"INF_TOI_P2017","Tasa de ocupación informal (proyecciones base 2017)","2018-V12","2018 nov-ene","Y_GE65","65 años y más","_T","Ambos sexos",53.2380266240736,,
"INF_TOI_P2017","Tasa de ocupación informal (proyecciones base 2017)","2019-V01","2019 dic-feb","_T","Total","_T","Ambos sexos",27.9016975235725,,
"INF_TOI_P2017","Tasa de ocupación informal (proyecciones base 2017)","2019-V01","2019 dic-feb","Y15T24","15-24 años","_T","Ambos sexos",38.5284650084832,,
"INF_TOI_P2017","Tasa de ocupación informal (proyecciones base 2017)","2019-V01","2019 dic-feb","Y25T34","25-34 años","_T","Ambos sexos",24.0289425300097,,
"INF_TOI_P2017","Tasa de ocupación informal (proyecciones base 2017)","2019-V01","2019 dic-feb","Y35T44","35-44 años","_T","Ambos sexos",23.316772705191,,
"INF_TOI_P2017","Tasa de ocupación informal (proyecciones base 2017)","2019-V01","2019 dic-feb","Y45T54","45-54 años","_T","Ambos sexos",25.0446166228749,,
"INF_TOI_P2017","Tasa de ocupación informal (proyecciones base 2017)","2019-V01","2019 dic-feb","Y55T64","55-64 años","_T","Ambos sexos",29.8864196969943,,
"INF_TOI_P2017","Tasa de ocupación informal (proyecciones base 2017)","2019-V01","2019 dic-feb","Y_GE65","65 años y más","_T","Ambos sexos",52.037113603973,,
"INF_TOI_P2017","Tasa de ocupación informal (proyecciones base 2017)","2019-V02","2019 ene-mar","_T","Total","_T","Ambos sexos",27.9192774552595,,
"INF_TOI_P2017","Tasa de ocupación informal (proyecciones base 2017)","2019-V02","2019 ene-mar","Y15T24","15-24 años","_T","Ambos sexos",37.934989110461,,
"INF_TOI_P2017","Tasa de ocupación informal (proyecciones base 2017)","2019-V02","2019 ene-mar","Y25T34","25-34 años","_T","Ambos sexos",23.817664502867,,
"INF_TOI_P2017","Tasa de ocupación informal (proyecciones base 2017)","2019-V02","2019 ene-mar","Y35T44","35-44 años","_T","Ambos sexos",22.9774372647887,,
"INF_TOI_P2017","Tasa de ocupación informal (proyecciones base 2017)","2019-V02","2019 ene-mar","Y45T54","45-54 años","_T","Ambos sexos",25.4925452329173,,
"INF_TOI_P2017","Tasa de ocupación informal (proyecciones base 2017)","2019-V02","2019 ene-mar","Y55T64","55-64 años","_T","Ambos sexos",30.1836561492682,,
"INF_TOI_P2017","Tasa de ocupación informal (proyecciones base 2017)","2019-V02","2019 ene-mar","Y_GE65","65 años y más","_T","Ambos sexos",52.5412730095151,,
"INF_TOI_P2017","Tasa de ocupación informal (proyecciones base 2017)","2019-V03","2019 feb-abr","_T","Total","_T","Ambos sexos",28.0169243260242,,
"INF_TOI_P2017","Tasa de ocupación informal (proyecciones base 2017)","2019-V03","2019 feb-abr","Y15T24","15-24 años","_T","Ambos sexos",36.7720776128467,,
"INF_TOI_P2017","Tasa de ocupación informal (proyecciones base 2017)","2019-V03","2019 feb-abr","Y25T34","25-34 años","_T","Ambos sexos",24.8050192467383,,
"INF_TOI_P2017","Tasa de ocupación informal (proyecciones base 2017)","2019-V03","2019 feb-abr","Y35T44","35-44 años","_T","Ambos sexos",22.622953017361,,
"INF_TOI_P2017","Tasa de ocupación informal (proyecciones base 2017)","2019-V03","2019 feb-abr","Y45T54","45-54 años","_T","Ambos sexos",25.3349790681371,,
"INF_TOI_P2017","Tasa de ocupación informal (proyecciones base 2017)","2019-V03","2019 feb-abr","Y55T64","55-64 años","_T","Ambos sexos",30.4735315636747,,
"INF_TOI_P2017","Tasa de ocupación informal (proyecciones base 2017)","2019-V03","2019 feb-abr","Y_GE65","65 años y más","_T","Ambos sexos",53.526522046254,,
"INF_TOI_P2017","Tasa de ocupación informal (proyecciones base 2017)","2019-V04","2019 mar-may","_T","Total","_T","Ambos sexos",28.0115875101533,,
"INF_TOI_P2017","Tasa de ocupación informal (proyecciones base 2017)","2019-V04","2019 mar-may","Y15T24","15-24 años","_T","Ambos sexos",35.9202320126835,,
"INF_TOI_P2017","Tasa de ocupación informal (proyecciones base 2017)","2019-V04","2019 mar-may","Y25T34","25-34 años","_T","Ambos sexos",24.4219894003414,,
"INF_TOI_P2017","Tasa de ocupación informal (proyecciones base 2017)","2019-V04","2019 mar-may","Y35T44","35-44 años","_T","Ambos sexos",23.3746955313878,,
"INF_TOI_P2017","Tasa de ocupación informal (proyecciones base 2017)","2019-V04","2019 mar-may","Y45T54","45-54 años","_T","Ambos sexos",25.0543692902897,,
"INF_TOI_P2017","Tasa de ocupación informal (proyecciones base 2017)","2019-V04","2019 mar-may","Y55T64","55-64 años","_T","Ambos sexos",30.7876096851497,,
"INF_TOI_P2017","Tasa de ocupación informal (proyecciones base 2017)","2019-V04","2019 mar-may","Y_GE65","65 años y más","_T","Ambos sexos",53.8235001642161,,
"INF_TOI_P2017","Tasa de ocupación informal (proyecciones base 2017)","2019-V05","2019 abr-jun","_T","Total","_T","Ambos sexos",28.1375906675915,,
"INF_TOI_P2017","Tasa de ocupación informal (proyecciones base 2017)","2019-V05","2019 abr-jun","Y15T24","15-24 años","_T","Ambos sexos",37.0806469861104,,
"INF_TOI_P2017","Tasa de ocupación informal (proyecciones base 2017)","2019-V05","2019 abr-jun","Y25T34","25-34 años","_T","Ambos sexos",24.6721175011712,,
"INF_TOI_P2017","Tasa de ocupación informal (proyecciones base 2017)","2019-V05","2019 abr-jun","Y35T44","35-44 años","_T","Ambos sexos",23.7207807326007,,
"INF_TOI_P2017","Tasa de ocupación informal (proyecciones base 2017)","2019-V05","2019 abr-jun","Y45T54","45-54 años","_T","Ambos sexos",25.1847518754614,,
"INF_TOI_P2017","Tasa de ocupación informal (proyecciones base 2017)","2019-V05","2019 abr-jun","Y55T64","55-64 años","_T","Ambos sexos",30.3064842501526,,
"INF_TOI_P2017","Tasa de ocupación informal (proyecciones base 2017)","2019-V05","2019 abr-jun","Y_GE65","65 años y más","_T","Ambos sexos",52.6336360470018,,
"INF_TOI_P2017","Tasa de ocupación informal (proyecciones base 2017)","2019-V06","2019 may-jul","_T","Total","_T","Ambos sexos",28.1095946824021,,
"INF_TOI_P2017","Tasa de ocupación informal (proyecciones base 2017)","2019-V06","2019 may-jul","Y15T24","15-24 años","_T","Ambos sexos",37.951241503489,,
"INF_TOI_P2017","Tasa de ocupación informal (proyecciones base 2017)","2019-V06","2019 may-jul","Y25T34","25-34 años","_T","Ambos sexos",24.0093206787681,,
"INF_TOI_P2017","Tasa de ocupación informal (proyecciones base 2017)","2019-V06","2019 may-jul","Y35T44","35-44 años","_T","Ambos sexos",23.1568329497624,,
"INF_TOI_P2017","Tasa de ocupación informal (proyecciones base 2017)","2019-V06","2019 may-jul","Y45T54","45-54 años","_T","Ambos sexos",26.4444360684541,,
"INF_TOI_P2017","Tasa de ocupación informal (proyecciones base 2017)","2019-V06","2019 may-jul","Y55T64","55-64 años","_T","Ambos sexos",30.2857731528912,,
"INF_TOI_P2017","Tasa de ocupación informal (proyecciones base 2017)","2019-V06","2019 may-jul","Y_GE65","65 años y más","_T","Ambos sexos",51.1594286716661,,
"INF_TOI_P2017","Tasa de ocupación informal (proyecciones base 2017)","2019-V07","2019 jun-ago","_T","Total","_T","Ambos sexos",28.2236881132176,,
"INF_TOI_P2017","Tasa de ocupación informal (proyecciones base 2017)","2019-V07","2019 jun-ago","Y15T24","15-24 años","_T","Ambos sexos",38.1289924834286,,
"INF_TOI_P2017","Tasa de ocupación informal (proyecciones base 2017)","2019-V07","2019 jun-ago","Y25T34","25-34 años","_T","Ambos sexos",24.1326186645672,,
"INF_TOI_P2017","Tasa de ocupación informal (proyecciones base 2017)","2019-V07","2019 jun-ago","Y35T44","35-44 años","_T","Ambos sexos",22.8536660193808,,
"INF_TOI_P2017","Tasa de ocupación informal (proyecciones base 2017)","2019-V07","2019 jun-ago","Y45T54","45-54 años","_T","Ambos sexos",26.5133456485475,,
"INF_TOI_P2017","Tasa de ocupación informal (proyecciones base 2017)","2019-V07","2019 jun-ago","Y55T64","55-64 años","_T","Ambos sexos",30.6903059422157,,
"INF_TOI_P2017","Tasa de ocupación informal (proyecciones base 2017)","2019-V07","2019 jun-ago","Y_GE65","65 años y más","_T","Ambos sexos",52.4209212590238,,
"INF_TOI_P2017","Tasa de ocupación informal (proyecciones base 2017)","2019-V08","2019 jul-sep","_T","Total","_T","Ambos sexos",28.1047550893424,,
"INF_TOI_P2017","Tasa de ocupación informal (proyecciones base 2017)","2019-V08","2019 jul-sep","Y15T24","15-24 años","_T","Ambos sexos",37.7423783247893,,
"INF_TOI_P2017","Tasa de ocupación informal (proyecciones base 2017)","2019-V08","2019 jul-sep","Y25T34","25-34 años","_T","Ambos sexos",23.867794002989,,
"INF_TOI_P2017","Tasa de ocupación informal (proyecciones base 2017)","2019-V08","2019 jul-sep","Y35T44","35-44 años","_T","Ambos sexos",22.5951318604756,,
"INF_TOI_P2017","Tasa de ocupación informal (proyecciones base 2017)","2019-V08","2019 jul-sep","Y45T54","45-54 años","_T","Ambos sexos",26.2319501902475,,
"INF_TOI_P2017","Tasa de ocupación informal (proyecciones base 2017)","2019-V08","2019 jul-sep","Y55T64","55-64 años","_T","Ambos sexos",31.5086031743288,,
"INF_TOI_P2017","Tasa de ocupación informal (proyecciones base 2017)","2019-V08","2019 jul-sep","Y_GE65","65 años y más","_T","Ambos sexos",52.5464999193799,,
"INF_TOI_P2017","Tasa de ocupación informal (proyecciones base 2017)","2019-V09","2019 ago-oct","_T","Total","_T","Ambos sexos",28.5633062501115,,
"INF_TOI_P2017","Tasa de ocupación informal (proyecciones base 2017)","2019-V09","2019 ago-oct","Y15T24","15-24 años","_T","Ambos sexos",36.4364280040682,,
"INF_TOI_P2017","Tasa de ocupación informal (proyecciones base 2017)","2019-V09","2019 ago-oct","Y25T34","25-34 años","_T","Ambos sexos",24.8857245729978,,
"INF_TOI_P2017","Tasa de ocupación informal (proyecciones base 2017)","2019-V09","2019 ago-oct","Y35T44","35-44 años","_T","Ambos sexos",23.6852276717116,,
"INF_TOI_P2017","Tasa de ocupación informal (proyecciones base 2017)","2019-V09","2019 ago-oct","Y45T54","45-54 años","_T","Ambos sexos",26.3164559187539,,
"INF_TOI_P2017","Tasa de ocupación informal (proyecciones base 2017)","2019-V09","2019 ago-oct","Y55T64","55-64 años","_T","Ambos sexos",31.2559150602457,,
"INF_TOI_P2017","Tasa de ocupación informal (proyecciones base 2017)","2019-V09","2019 ago-oct","Y_GE65","65 años y más","_T","Ambos sexos",53.8925219464615,,
"INF_TOI_P2017","Tasa de ocupación informal (proyecciones base 2017)","2019-V10","2019 sep-nov","_T","Total","_T","Ambos sexos",29.0869338529819,,
"INF_TOI_P2017","Tasa de ocupación informal (proyecciones base 2017)","2019-V10","2019 sep-nov","Y15T24","15-24 años","_T","Ambos sexos",36.852844525265,,
"INF_TOI_P2017","Tasa de ocupación informal (proyecciones base 2017)","2019-V10","2019 sep-nov","Y25T34","25-34 años","_T","Ambos sexos",25.3006052104178,,
"INF_TOI_P2017","Tasa de ocupación informal (proyecciones base 2017)","2019-V10","2019 sep-nov","Y35T44","35-44 años","_T","Ambos sexos",24.5067111749362,,
"INF_TOI_P2017","Tasa de ocupación informal (proyecciones base 2017)","2019-V10","2019 sep-nov","Y45T54","45-54 años","_T","Ambos sexos",26.7491566355935,,
"INF_TOI_P2017","Tasa de ocupación informal (proyecciones base 2017)","2019-V10","2019 sep-nov","Y55T64","55-64 años","_T","Ambos sexos",31.5996471273774,,
"INF_TOI_P2017","Tasa de ocupación informal (proyecciones base 2017)","2019-V10","2019 sep-nov","Y_GE65","65 años y más","_T","Ambos sexos",54.4705257499379,,
"INF_TOI_P2017","Tasa de ocupación informal (proyecciones base 2017)","2019-V11","2019 oct-dic","_T","Total","_T","Ambos sexos",29.3087045730648,,
"INF_TOI_P2017","Tasa de ocupación informal (proyecciones base 2017)","2019-V11","2019 oct-dic","Y15T24","15-24 años","_T","Ambos sexos",37.8917339279221,,
"INF_TOI_P2017","Tasa de ocupación informal (proyecciones base 2017)","2019-V11","2019 oct-dic","Y25T34","25-34 años","_T","Ambos sexos",25.0353369882963,,
"INF_TOI_P2017","Tasa de ocupación informal (proyecciones base 2017)","2019-V11","2019 oct-dic","Y35T44","35-44 años","_T","Ambos sexos",24.5250420437078,,
"INF_TOI_P2017","Tasa de ocupación informal (proyecciones base 2017)","2019-V11","2019 oct-dic","Y45T54","45-54 años","_T","Ambos sexos",26.6473271711218,,
"INF_TOI_P2017","Tasa de ocupación informal (proyecciones base 2017)","2019-V11","2019 oct-dic","Y55T64","55-64 años","_T","Ambos sexos",32.6161510058294,,
"INF_TOI_P2017","Tasa de ocupación informal (proyecciones base 2017)","2019-V11","2019 oct-dic","Y_GE65","65 años y más","_T","Ambos sexos",55.2720889111093,,
"INF_TOI_P2017","Tasa de ocupación informal (proyecciones base 2017)","2019-V12","2019 nov-ene","_T","Total","_T","Ambos sexos",29.1460365076412,,
"INF_TOI_P2017","Tasa de ocupación informal (proyecciones base 2017)","2019-V12","2019 nov-ene","Y15T24","15-24 años","_T","Ambos sexos",40.592182036893,,
"INF_TOI_P2017","Tasa de ocupación informal (proyecciones base 2017)","2019-V12","2019 nov-ene","Y25T34","25-34 años","_T","Ambos sexos",24.7879036458067,,
"INF_TOI_P2017","Tasa de ocupación informal (proyecciones base 2017)","2019-V12","2019 nov-ene","Y35T44","35-44 años","_T","Ambos sexos",23.6809445431203,,
"INF_TOI_P2017","Tasa de ocupación informal (proyecciones base 2017)","2019-V12","2019 nov-ene","Y45T54","45-54 años","_T","Ambos sexos",25.543023197518,,
"INF_TOI_P2017","Tasa de ocupación informal (proyecciones base 2017)","2019-V12","2019 nov-ene","Y55T64","55-64 años","_T","Ambos sexos",33.8626321349526,,
"INF_TOI_P2017","Tasa de ocupación informal (proyecciones base 2017)","2019-V12","2019 nov-ene","Y_GE65","65 años y más","_T","Ambos sexos",52.9947320615469,,
"INF_TOI_P2017","Tasa de ocupación informal (proyecciones base 2017)","2020-V01","2020 dic-feb","_T","Total","_T","Ambos sexos",29.0244797754707,,
"INF_TOI_P2017","Tasa de ocupación informal (proyecciones base 2017)","2020-V01","2020 dic-feb","Y15T24","15-24 años","_T","Ambos sexos",41.3673376893158,,
"INF_TOI_P2017","Tasa de ocupación informal (proyecciones base 2017)","2020-V01","2020 dic-feb","Y25T34","25-34 años","_T","Ambos sexos",24.386974331145,,
"INF_TOI_P2017","Tasa de ocupación informal (proyecciones base 2017)","2020-V01","2020 dic-feb","Y35T44","35-44 años","_T","Ambos sexos",23.6426699713067,,
"INF_TOI_P2017","Tasa de ocupación informal (proyecciones base 2017)","2020-V01","2020 dic-feb","Y45T54","45-54 años","_T","Ambos sexos",25.5159524292319,,
"INF_TOI_P2017","Tasa de ocupación informal (proyecciones base 2017)","2020-V01","2020 dic-feb","Y55T64","55-64 años","_T","Ambos sexos",33.4377264823787,,
"INF_TOI_P2017","Tasa de ocupación informal (proyecciones base 2017)","2020-V01","2020 dic-feb","Y_GE65","65 años y más","_T","Ambos sexos",52.8084237810273,,
"INF_TOI_P2017","Tasa de ocupación informal (proyecciones base 2017)","2020-V02","2020 ene-mar","_T","Total","_T","Ambos sexos",28.8563295791636,,
"INF_TOI_P2017","Tasa de ocupación informal (proyecciones base 2017)","2020-V02","2020 ene-mar","Y15T24","15-24 años","_T","Ambos sexos",41.3421762782002,,
"INF_TOI_P2017","Tasa de ocupación informal (proyecciones base 2017)","2020-V02","2020 ene-mar","Y25T34","25-34 años","_T","Ambos sexos",24.9604902847519,,
"INF_TOI_P2017","Tasa de ocupación informal (proyecciones base 2017)","2020-V02","2020 ene-mar","Y35T44","35-44 años","_T","Ambos sexos",23.6979959059543,,
"INF_TOI_P2017","Tasa de ocupación informal (proyecciones base 2017)","2020-V02","2020 ene-mar","Y45T54","45-54 años","_T","Ambos sexos",25.1870805411253,,
"INF_TOI_P2017","Tasa de ocupación informal (proyecciones base 2017)","2020-V02","2020 ene-mar","Y55T64","55-64 años","_T","Ambos sexos",32.2151266956908,,
"INF_TOI_P2017","Tasa de ocupación informal (proyecciones base 2017)","2020-V02","2020 ene-mar","Y_GE65","65 años y más","_T","Ambos sexos",52.6622507051787,,
"INF_TOI_P2017","Tasa de ocupación informal (proyecciones base 2017)","2020-V03","2020 feb-abr","_T","Total","_T","Ambos sexos",26.3057916831561,,
"INF_TOI_P2017","Tasa de ocupación informal (proyecciones base 2017)","2020-V03","2020 feb-abr","Y15T24","15-24 años","_T","Ambos sexos",36.4300600035471,,
"INF_TOI_P2017","Tasa de ocupación informal (proyecciones base 2017)","2020-V03","2020 feb-abr","Y25T34","25-34 años","_T","Ambos sexos",23.2092861218793,,
"INF_TOI_P2017","Tasa de ocupación informal (proyecciones base 2017)","2020-V03","2020 feb-abr","Y35T44","35-44 años","_T","Ambos sexos",21.3757704804843,,
"INF_TOI_P2017","Tasa de ocupación informal (proyecciones base 2017)","2020-V03","2020 feb-abr","Y45T54","45-54 años","_T","Ambos sexos",23.7869362011952,,
"INF_TOI_P2017","Tasa de ocupación informal (proyecciones base 2017)","2020-V03","2020 feb-abr","Y55T64","55-64 años","_T","Ambos sexos",29.0784393683278,,
"INF_TOI_P2017","Tasa de ocupación informal (proyecciones base 2017)","2020-V03","2020 feb-abr","Y_GE65","65 años y más","_T","Ambos sexos",50.9095414002619,,
"INF_TOI_P2017","Tasa de ocupación informal (proyecciones base 2017)","2020-V04","2020 mar-may","_T","Total","_T","Ambos sexos",23.5481727557802,,
"INF_TOI_P2017","Tasa de ocupación informal (proyecciones base 2017)","2020-V04","2020 mar-may","Y15T24","15-24 años","_T","Ambos sexos",32.2814896421802,,
"INF_TOI_P2017","Tasa de ocupación informal (proyecciones base 2017)","2020-V04","2020 mar-may","Y25T34","25-34 años","_T","Ambos sexos",21.0395998248113,,
"INF_TOI_P2017","Tasa de ocupación informal (proyecciones base 2017)","2020-V04","2020 mar-may","Y35T44","35-44 años","_T","Ambos sexos",19.2926178986434,,
"INF_TOI_P2017","Tasa de ocupación informal (proyecciones base 2017)","2020-V04","2020 mar-may","Y45T54","45-54 años","_T","Ambos sexos",21.9534873162876,,
"INF_TOI_P2017","Tasa de ocupación informal (proyecciones base 2017)","2020-V04","2020 mar-may","Y55T64","55-64 años","_T","Ambos sexos",25.7684020595442,,
"INF_TOI_P2017","Tasa de ocupación informal (proyecciones base 2017)","2020-V04","2020 mar-may","Y_GE65","65 años y más","_T","Ambos sexos",46.102859663654,,
"INF_TOI_P2017","Tasa de ocupación informal (proyecciones base 2017)","2020-V05","2020 abr-jun","_T","Total","_T","Ambos sexos",22.3620612921052,,
"INF_TOI_P2017","Tasa de ocupación informal (proyecciones base 2017)","2020-V05","2020 abr-jun","Y15T24","15-24 años","_T","Ambos sexos",32.5197479900344,,
"INF_TOI_P2017","Tasa de ocupación informal (proyecciones base 2017)","2020-V05","2020 abr-jun","Y25T34","25-34 años","_T","Ambos sexos",20.4012571582704,,
"INF_TOI_P2017","Tasa de ocupación informal (proyecciones base 2017)","2020-V05","2020 abr-jun","Y35T44","35-44 años","_T","Ambos sexos",18.597993114275,,
"INF_TOI_P2017","Tasa de ocupación informal (proyecciones base 2017)","2020-V05","2020 abr-jun","Y45T54","45-54 años","_T","Ambos sexos",20.175670332182,,
"INF_TOI_P2017","Tasa de ocupación informal (proyecciones base 2017)","2020-V05","2020 abr-jun","Y55T64","55-64 años","_T","Ambos sexos",23.7789606781406,,
"INF_TOI_P2017","Tasa de ocupación informal (proyecciones base 2017)","2020-V05","2020 abr-jun","Y_GE65","65 años y más","_T","Ambos sexos",45.1585873381994,,
"INF_TOI_P2017","Tasa de ocupación informal (proyecciones base 2017)","2020-V06","2020 may-jul","_T","Total","_T","Ambos sexos",22.3051221081391,,
"INF_TOI_P2017","Tasa de ocupación informal (proyecciones base 2017)","2020-V06","2020 may-jul","Y15T24","15-24 años","_T","Ambos sexos",33.0239544959029,,
"INF_TOI_P2017","Tasa de ocupación informal (proyecciones base 2017)","2020-V06","2020 may-jul","Y25T34","25-34 años","_T","Ambos sexos",20.4394356094994,,
"INF_TOI_P2017","Tasa de ocupación informal (proyecciones base 2017)","2020-V06","2020 may-jul","Y35T44","35-44 años","_T","Ambos sexos",19.1042710625356,,
"INF_TOI_P2017","Tasa de ocupación informal (proyecciones base 2017)","2020-V06","2020 may-jul","Y45T54","45-54 años","_T","Ambos sexos",19.750474669687,,
"INF_TOI_P2017","Tasa de ocupación informal (proyecciones base 2017)","2020-V06","2020 may-jul","Y55T64","55-64 años","_T","Ambos sexos",23.3848703231784,,
"INF_TOI_P2017","Tasa de ocupación informal (proyecciones base 2017)","2020-V06","2020 may-jul","Y_GE65","65 años y más","_T","Ambos sexos",44.3675317112377,,
"INF_TOI_P2017","Tasa de ocupación informal (proyecciones base 2017)","2020-V07","2020 jun-ago","_T","Total","_T","Ambos sexos",22.5289658622041,,
"INF_TOI_P2017","Tasa de ocupación informal (proyecciones base 2017)","2020-V07","2020 jun-ago","Y15T24","15-24 años","_T","Ambos sexos",33.4745760057835,,
"INF_TOI_P2017","Tasa de ocupación informal (proyecciones base 2017)","2020-V07","2020 jun-ago","Y25T34","25-34 años","_T","Ambos sexos",21.3995947212052,,
"INF_TOI_P2017","Tasa de ocupación informal (proyecciones base 2017)","2020-V07","2020 jun-ago","Y35T44","35-44 años","_T","Ambos sexos",18.9347818012685,,
"INF_TOI_P2017","Tasa de ocupación informal (proyecciones base 2017)","2020-V07","2020 jun-ago","Y45T54","45-54 años","_T","Ambos sexos",19.439707313163,,
"INF_TOI_P2017","Tasa de ocupación informal (proyecciones base 2017)","2020-V07","2020 jun-ago","Y55T64","55-64 años","_T","Ambos sexos",24.0481710453388,,
"INF_TOI_P2017","Tasa de ocupación informal (proyecciones base 2017)","2020-V07","2020 jun-ago","Y_GE65","65 años y más","_T","Ambos sexos",43.0948586298478,,
"INF_TOI_P2017","Tasa de ocupación informal (proyecciones base 2017)","2020-V08","2020 jul-sep","_T","Total","_T","Ambos sexos",23.4886143503084,,
"INF_TOI_P2017","Tasa de ocupación informal (proyecciones base 2017)","2020-V08","2020 jul-sep","Y15T24","15-24 años","_T","Ambos sexos",34.03215191126,,
"INF_TOI_P2017","Tasa de ocupación informal (proyecciones base 2017)","2020-V08","2020 jul-sep","Y25T34","25-34 años","_T","Ambos sexos",21.1624608818133,,
"INF_TOI_P2017","Tasa de ocupación informal (proyecciones base 2017)","2020-V08","2020 jul-sep","Y35T44","35-44 años","_T","Ambos sexos",20.3050467232994,,
"INF_TOI_P2017","Tasa de ocupación informal (proyecciones base 2017)","2020-V08","2020 jul-sep","Y45T54","45-54 años","_T","Ambos sexos",20.8084194811958,,
"INF_TOI_P2017","Tasa de ocupación informal (proyecciones base 2017)","2020-V08","2020 jul-sep","Y55T64","55-64 años","_T","Ambos sexos",25.4136477498685,,
"INF_TOI_P2017","Tasa de ocupación informal (proyecciones base 2017)","2020-V08","2020 jul-sep","Y_GE65","65 años y más","_T","Ambos sexos",44.7973772592945,,
"INF_TOI_P2017","Tasa de ocupación informal (proyecciones base 2017)","2020-V09","2020 ago-oct","_T","Total","_T","Ambos sexos",25.1220651948929,,
"INF_TOI_P2017","Tasa de ocupación informal (proyecciones base 2017)","2020-V09","2020 ago-oct","Y15T24","15-24 años","_T","Ambos sexos",39.2254113424622,,
"INF_TOI_P2017","Tasa de ocupación informal (proyecciones base 2017)","2020-V09","2020 ago-oct","Y25T34","25-34 años","_T","Ambos sexos",22.6254219590785,,
"INF_TOI_P2017","Tasa de ocupación informal (proyecciones base 2017)","2020-V09","2020 ago-oct","Y35T44","35-44 años","_T","Ambos sexos",21.228844937521,,
"INF_TOI_P2017","Tasa de ocupación informal (proyecciones base 2017)","2020-V09","2020 ago-oct","Y45T54","45-54 años","_T","Ambos sexos",22.5541945948494,,
"INF_TOI_P2017","Tasa de ocupación informal (proyecciones base 2017)","2020-V09","2020 ago-oct","Y55T64","55-64 años","_T","Ambos sexos",27.0458897966984,,
"INF_TOI_P2017","Tasa de ocupación informal (proyecciones base 2017)","2020-V09","2020 ago-oct","Y_GE65","65 años y más","_T","Ambos sexos",45.2787187313464,,
"INF_TOI_P2017","Tasa de ocupación informal (proyecciones base 2017)","2020-V10","2020 sep-nov","_T","Total","_T","Ambos sexos",26.6812343483604,,
"INF_TOI_P2017","Tasa de ocupación informal (proyecciones base 2017)","2020-V10","2020 sep-nov","Y15T24","15-24 años","_T","Ambos sexos",39.4839638820133,,
"INF_TOI_P2017","Tasa de ocupación informal (proyecciones base 2017)","2020-V10","2020 sep-nov","Y25T34","25-34 años","_T","Ambos sexos",24.2317963082815,,
"INF_TOI_P2017","Tasa de ocupación informal (proyecciones base 2017)","2020-V10","2020 sep-nov","Y35T44","35-44 años","_T","Ambos sexos",22.7802015186751,,
"INF_TOI_P2017","Tasa de ocupación informal (proyecciones base 2017)","2020-V10","2020 sep-nov","Y45T54","45-54 años","_T","Ambos sexos",24.3607847361702,,
"INF_TOI_P2017","Tasa de ocupación informal (proyecciones base 2017)","2020-V10","2020 sep-nov","Y55T64","55-64 años","_T","Ambos sexos",28.2596833221034,,
"INF_TOI_P2017","Tasa de ocupación informal (proyecciones base 2017)","2020-V10","2020 sep-nov","Y_GE65","65 años y más","_T","Ambos sexos",47.7410198209988,,
"INF_TOI_P2017","Tasa de ocupación informal (proyecciones base 2017)","2020-V11","2020 oct-dic","_T","Total","_T","Ambos sexos",26.9779506573015,,
"INF_TOI_P2017","Tasa de ocupación informal (proyecciones base 2017)","2020-V11","2020 oct-dic","Y15T24","15-24 años","_T","Ambos sexos",38.6430254654855,,
"INF_TOI_P2017","Tasa de ocupación informal (proyecciones base 2017)","2020-V11","2020 oct-dic","Y25T34","25-34 años","_T","Ambos sexos",24.6432674795056,,
"INF_TOI_P2017","Tasa de ocupación informal (proyecciones base 2017)","2020-V11","2020 oct-dic","Y35T44","35-44 años","_T","Ambos sexos",23.0321491611618,,
"INF_TOI_P2017","Tasa de ocupación informal (proyecciones base 2017)","2020-V11","2020 oct-dic","Y45T54","45-54 años","_T","Ambos sexos",24.8182222079149,,
"INF_TOI_P2017","Tasa de ocupación informal (proyecciones base 2017)","2020-V11","2020 oct-dic","Y55T64","55-64 años","_T","Ambos sexos",28.5515006065318,,
"INF_TOI_P2017","Tasa de ocupación informal (proyecciones base 2017)","2020-V11","2020 oct-dic","Y_GE65","65 años y más","_T","Ambos sexos",48.3875823615899,,
"INF_TOI_P2017","Tasa de ocupación informal (proyecciones base 2017)","2020-V12","2020 nov-ene","_T","Total","_T","Ambos sexos",27.0845463221912,,
"INF_TOI_P2017","Tasa de ocupación informal (proyecciones base 2017)","2020-V12","2020 nov-ene","Y15T24","15-24 años","_T","Ambos sexos",38.5423434496314,,
"INF_TOI_P2017","Tasa de ocupación informal (proyecciones base 2017)","2020-V12","2020 nov-ene","Y25T34","25-34 años","_T","Ambos sexos",24.7976168307335,,
"INF_TOI_P2017","Tasa de ocupación informal (proyecciones base 2017)","2020-V12","2020 nov-ene","Y35T44","35-44 años","_T","Ambos sexos",22.932186850771,,
"INF_TOI_P2017","Tasa de ocupación informal (proyecciones base 2017)","2020-V12","2020 nov-ene","Y45T54","45-54 años","_T","Ambos sexos",24.839633942663,,
"INF_TOI_P2017","Tasa de ocupación informal (proyecciones base 2017)","2020-V12","2020 nov-ene","Y55T64","55-64 años","_T","Ambos sexos",28.807568241753,,
"INF_TOI_P2017","Tasa de ocupación informal (proyecciones base 2017)","2020-V12","2020 nov-ene","Y_GE65","65 años y más","_T","Ambos sexos",48.8581838628859,,
"INF_TOI_P2017","Tasa de ocupación informal (proyecciones base 2017)","2021-V01","2021 dic-feb","_T","Total","_T","Ambos sexos",26.460219806022,,
"INF_TOI_P2017","Tasa de ocupación informal (proyecciones base 2017)","2021-V01","2021 dic-feb","Y15T24","15-24 años","_T","Ambos sexos",38.3979188609714,,
"INF_TOI_P2017","Tasa de ocupación informal (proyecciones base 2017)","2021-V01","2021 dic-feb","Y25T34","25-34 años","_T","Ambos sexos",24.3804702136354,,
"INF_TOI_P2017","Tasa de ocupación informal (proyecciones base 2017)","2021-V01","2021 dic-feb","Y35T44","35-44 años","_T","Ambos sexos",22.0556178262452,,
"INF_TOI_P2017","Tasa de ocupación informal (proyecciones base 2017)","2021-V01","2021 dic-feb","Y45T54","45-54 años","_T","Ambos sexos",23.6431502619039,,
"INF_TOI_P2017","Tasa de ocupación informal (proyecciones base 2017)","2021-V01","2021 dic-feb","Y55T64","55-64 años","_T","Ambos sexos",28.2829737689127,,
"INF_TOI_P2017","Tasa de ocupación informal (proyecciones base 2017)","2021-V01","2021 dic-feb","Y_GE65","65 años y más","_T","Ambos sexos",49.2716843833771,,
"INF_TOI_P2017","Tasa de ocupación informal (proyecciones base 2017)","2021-V02","2021 ene-mar","_T","Total","_T","Ambos sexos",26.6872435037255,,
"INF_TOI_P2017","Tasa de ocupación informal (proyecciones base 2017)","2021-V02","2021 ene-mar","Y15T24","15-24 años","_T","Ambos sexos",38.1166251771347,,
"INF_TOI_P2017","Tasa de ocupación informal (proyecciones base 2017)","2021-V02","2021 ene-mar","Y25T34","25-34 años","_T","Ambos sexos",24.9424113403547,,
"INF_TOI_P2017","Tasa de ocupación informal (proyecciones base 2017)","2021-V02","2021 ene-mar","Y35T44","35-44 años","_T","Ambos sexos",22.615915920984,,
"INF_TOI_P2017","Tasa de ocupación informal (proyecciones base 2017)","2021-V02","2021 ene-mar","Y45T54","45-54 años","_T","Ambos sexos",22.9584774009393,,
"INF_TOI_P2017","Tasa de ocupación informal (proyecciones base 2017)","2021-V02","2021 ene-mar","Y55T64","55-64 años","_T","Ambos sexos",29.1798018868644,,
"INF_TOI_P2017","Tasa de ocupación informal (proyecciones base 2017)","2021-V02","2021 ene-mar","Y_GE65","65 años y más","_T","Ambos sexos",48.5954159765808,,
"INF_TOI_P2017","Tasa de ocupación informal (proyecciones base 2017)","2021-V03","2021 feb-abr","_T","Total","_T","Ambos sexos",26.2033926310915,,
"INF_TOI_P2017","Tasa de ocupación informal (proyecciones base 2017)","2021-V03","2021 feb-abr","Y15T24","15-24 años","_T","Ambos sexos",38.479063781314,,
"INF_TOI_P2017","Tasa de ocupación informal (proyecciones base 2017)","2021-V03","2021 feb-abr","Y25T34","25-34 años","_T","Ambos sexos",24.0181340444402,,
"INF_TOI_P2017","Tasa de ocupación informal (proyecciones base 2017)","2021-V03","2021 feb-abr","Y35T44","35-44 años","_T","Ambos sexos",22.3547175035411,,
"INF_TOI_P2017","Tasa de ocupación informal (proyecciones base 2017)","2021-V03","2021 feb-abr","Y45T54","45-54 años","_T","Ambos sexos",22.7157119915975,,
"INF_TOI_P2017","Tasa de ocupación informal (proyecciones base 2017)","2021-V03","2021 feb-abr","Y55T64","55-64 años","_T","Ambos sexos",28.2458231022537,,
"INF_TOI_P2017","Tasa de ocupación informal (proyecciones base 2017)","2021-V03","2021 feb-abr","Y_GE65","65 años y más","_T","Ambos sexos",49.0009813546439,,
"INF_TOI_P2017","Tasa de ocupación informal (proyecciones base 2017)","2021-V04","2021 mar-may","_T","Total","_T","Ambos sexos",26.1035818024976,,
"INF_TOI_P2017","Tasa de ocupación informal (proyecciones base 2017)","2021-V04","2021 mar-may","Y15T24","15-24 años","_T","Ambos sexos",39.5402003243358,,
"INF_TOI_P2017","Tasa de ocupación informal (proyecciones base 2017)","2021-V04","2021 mar-may","Y25T34","25-34 años","_T","Ambos sexos",23.6746564419173,,
"INF_TOI_P2017","Tasa de ocupación informal (proyecciones base 2017)","2021-V04","2021 mar-may","Y35T44","35-44 años","_T","Ambos sexos",22.2692116298076,,
"INF_TOI_P2017","Tasa de ocupación informal (proyecciones base 2017)","2021-V04","2021 mar-may","Y45T54","45-54 años","_T","Ambos sexos",22.6311967128926,,
"INF_TOI_P2017","Tasa de ocupación informal (proyecciones base 2017)","2021-V04","2021 mar-may","Y55T64","55-64 años","_T","Ambos sexos",28.4787423374971,,
"INF_TOI_P2017","Tasa de ocupación informal (proyecciones base 2017)","2021-V04","2021 mar-may","Y_GE65","65 años y más","_T","Ambos sexos",48.2500668266632,,
"INF_TOI_P2017","Tasa de ocupación informal (proyecciones base 2017)","2021-V05","2021 abr-jun","_T","Total","_T","Ambos sexos",25.9716747650412,,
"INF_TOI_P2017","Tasa de ocupación informal (proyecciones base 2017)","2021-V05","2021 abr-jun","Y15T24","15-24 años","_T","Ambos sexos",39.6070906123814,,
"INF_TOI_P2017","Tasa de ocupación informal (proyecciones base 2017)","2021-V05","2021 abr-jun","Y25T34","25-34 años","_T","Ambos sexos",23.5042474419686,,
"INF_TOI_P2017","Tasa de ocupación informal (proyecciones base 2017)","2021-V05","2021 abr-jun","Y35T44","35-44 años","_T","Ambos sexos",21.7746084672887,,
"INF_TOI_P2017","Tasa de ocupación informal (proyecciones base 2017)","2021-V05","2021 abr-jun","Y45T54","45-54 años","_T","Ambos sexos",23.052380990731,,
"INF_TOI_P2017","Tasa de ocupación informal (proyecciones base 2017)","2021-V05","2021 abr-jun","Y55T64","55-64 años","_T","Ambos sexos",28.1627540992347,,
"INF_TOI_P2017","Tasa de ocupación informal (proyecciones base 2017)","2021-V05","2021 abr-jun","Y_GE65","65 años y más","_T","Ambos sexos",48.5753099193131,,
"INF_TOI_P2017","Tasa de ocupación informal (proyecciones base 2017)","2021-V06","2021 may-jul","_T","Total","_T","Ambos sexos",26.8988648086892,,
"INF_TOI_P2017","Tasa de ocupación informal (proyecciones base 2017)","2021-V06","2021 may-jul","Y15T24","15-24 años","_T","Ambos sexos",40.4605139746758,,
"INF_TOI_P2017","Tasa de ocupación informal (proyecciones base 2017)","2021-V06","2021 may-jul","Y25T34","25-34 años","_T","Ambos sexos",24.6819445748432,,
"INF_TOI_P2017","Tasa de ocupación informal (proyecciones base 2017)","2021-V06","2021 may-jul","Y35T44","35-44 años","_T","Ambos sexos",22.1816927482329,,
"INF_TOI_P2017","Tasa de ocupación informal (proyecciones base 2017)","2021-V06","2021 may-jul","Y45T54","45-54 años","_T","Ambos sexos",24.4629329949671,,
"INF_TOI_P2017","Tasa de ocupación informal (proyecciones base 2017)","2021-V06","2021 may-jul","Y55T64","55-64 años","_T","Ambos sexos",29.206786326061,,
"INF_TOI_P2017","Tasa de ocupación informal (proyecciones base 2017)","2021-V06","2021 may-jul","Y_GE65","65 años y más","_T","Ambos sexos",47.9156116581882,,
"INF_TOI_P2017","Tasa de ocupación informal (proyecciones base 2017)","2021-V07","2021 jun-ago","_T","Total","_T","Ambos sexos",27.1300155181747,,
"INF_TOI_P2017","Tasa de ocupación informal (proyecciones base 2017)","2021-V07","2021 jun-ago","Y15T24","15-24 años","_T","Ambos sexos",39.8534676288368,,
"INF_TOI_P2017","Tasa de ocupación informal (proyecciones base 2017)","2021-V07","2021 jun-ago","Y25T34","25-34 años","_T","Ambos sexos",24.6397575930263,,
"INF_TOI_P2017","Tasa de ocupación informal (proyecciones base 2017)","2021-V07","2021 jun-ago","Y35T44","35-44 años","_T","Ambos sexos",22.5778870277855,,
"INF_TOI_P2017","Tasa de ocupación informal (proyecciones base 2017)","2021-V07","2021 jun-ago","Y45T54","45-54 años","_T","Ambos sexos",24.9459729298515,,
"INF_TOI_P2017","Tasa de ocupación informal (proyecciones base 2017)","2021-V07","2021 jun-ago","Y55T64","55-64 años","_T","Ambos sexos",29.4686475041864,,
"INF_TOI_P2017","Tasa de ocupación informal (proyecciones base 2017)","2021-V07","2021 jun-ago","Y_GE65","65 años y más","_T","Ambos sexos",48.2722730811945,,
"INF_TOI_P2017","Tasa de ocupación informal (proyecciones base 2017)","2021-V08","2021 jul-sep","_T","Total","_T","Ambos sexos",27.6505155726351,,
"INF_TOI_P2017","Tasa de ocupación informal (proyecciones base 2017)","2021-V08","2021 jul-sep","Y15T24","15-24 años","_T","Ambos sexos",40.2392117205381,,
"INF_TOI_P2017","Tasa de ocupación informal (proyecciones base 2017)","2021-V08","2021 jul-sep","Y25T34","25-34 años","_T","Ambos sexos",25.1967826029477,,
"INF_TOI_P2017","Tasa de ocupación informal (proyecciones base 2017)","2021-V08","2021 jul-sep","Y35T44","35-44 años","_T","Ambos sexos",23.4850615758221,,
"INF_TOI_P2017","Tasa de ocupación informal (proyecciones base 2017)","2021-V08","2021 jul-sep","Y45T54","45-54 años","_T","Ambos sexos",25.078737014941,,
"INF_TOI_P2017","Tasa de ocupación informal (proyecciones base 2017)","2021-V08","2021 jul-sep","Y55T64","55-64 años","_T","Ambos sexos",29.7017257719851,,
"INF_TOI_P2017","Tasa de ocupación informal (proyecciones base 2017)","2021-V08","2021 jul-sep","Y_GE65","65 años y más","_T","Ambos sexos",48.6057490189921,,
"INF_TOI_P2017","Tasa de ocupación informal (proyecciones base 2017)","2021-V09","2021 ago-oct","_T","Total","_T","Ambos sexos",27.9244216132369,,
"INF_TOI_P2017","Tasa de ocupación informal (proyecciones base 2017)","2021-V09","2021 ago-oct","Y15T24","15-24 años","_T","Ambos sexos",38.2113979797631,,
"INF_TOI_P2017","Tasa de ocupación informal (proyecciones base 2017)","2021-V09","2021 ago-oct","Y25T34","25-34 años","_T","Ambos sexos",24.7851610703289,,
"INF_TOI_P2017","Tasa de ocupación informal (proyecciones base 2017)","2021-V09","2021 ago-oct","Y35T44","35-44 años","_T","Ambos sexos",24.3839762628838,,
"INF_TOI_P2017","Tasa de ocupación informal (proyecciones base 2017)","2021-V09","2021 ago-oct","Y45T54","45-54 años","_T","Ambos sexos",25.8554365006222,,
"INF_TOI_P2017","Tasa de ocupación informal (proyecciones base 2017)","2021-V09","2021 ago-oct","Y55T64","55-64 años","_T","Ambos sexos",29.9719654425946,,
"INF_TOI_P2017","Tasa de ocupación informal (proyecciones base 2017)","2021-V09","2021 ago-oct","Y_GE65","65 años y más","_T","Ambos sexos",49.6547418318391,,
"INF_TOI_P2017","Tasa de ocupación informal (proyecciones base 2017)","2021-V10","2021 sep-nov","_T","Total","_T","Ambos sexos",28.2100999516011,,
"INF_TOI_P2017","Tasa de ocupación informal (proyecciones base 2017)","2021-V10","2021 sep-nov","Y15T24","15-24 años","_T","Ambos sexos",37.7273055009353,,
"INF_TOI_P2017","Tasa de ocupación informal (proyecciones base 2017)","2021-V10","2021 sep-nov","Y25T34","25-34 años","_T","Ambos sexos",25.3546618222972,,
"INF_TOI_P2017","Tasa de ocupación informal (proyecciones base 2017)","2021-V10","2021 sep-nov","Y35T44","35-44 años","_T","Ambos sexos",24.4955374141462,,
"INF_TOI_P2017","Tasa de ocupación informal (proyecciones base 2017)","2021-V10","2021 sep-nov","Y45T54","45-54 años","_T","Ambos sexos",25.7326132129498,,
"INF_TOI_P2017","Tasa de ocupación informal (proyecciones base 2017)","2021-V10","2021 sep-nov","Y55T64","55-64 años","_T","Ambos sexos",30.6922461707479,,
"INF_TOI_P2017","Tasa de ocupación informal (proyecciones base 2017)","2021-V10","2021 sep-nov","Y_GE65","65 años y más","_T","Ambos sexos",50.404459776101,,
"INF_TOI_P2017","Tasa de ocupación informal (proyecciones base 2017)","2021-V11","2021 oct-dic","_T","Total","_T","Ambos sexos",28.2740396689384,,
"INF_TOI_P2017","Tasa de ocupación informal (proyecciones base 2017)","2021-V11","2021 oct-dic","Y15T24","15-24 años","_T","Ambos sexos",37.0893540890496,,
"INF_TOI_P2017","Tasa de ocupación informal (proyecciones base 2017)","2021-V11","2021 oct-dic","Y25T34","25-34 años","_T","Ambos sexos",25.7326260904794,,
"INF_TOI_P2017","Tasa de ocupación informal (proyecciones base 2017)","2021-V11","2021 oct-dic","Y35T44","35-44 años","_T","Ambos sexos",23.7330340520006,,
"INF_TOI_P2017","Tasa de ocupación informal (proyecciones base 2017)","2021-V11","2021 oct-dic","Y45T54","45-54 años","_T","Ambos sexos",26.1676987551285,,
"INF_TOI_P2017","Tasa de ocupación informal (proyecciones base 2017)","2021-V11","2021 oct-dic","Y55T64","55-64 años","_T","Ambos sexos",30.7304934120706,,
"INF_TOI_P2017","Tasa de ocupación informal (proyecciones base 2017)","2021-V11","2021 oct-dic","Y_GE65","65 años y más","_T","Ambos sexos",51.6212871311479,,
"INF_TOI_P2017","Tasa de ocupación informal (proyecciones base 2017)","2021-V12","2021 nov-ene","_T","Total","_T","Ambos sexos",28.0339679054123,,
"INF_TOI_P2017","Tasa de ocupación informal (proyecciones base 2017)","2021-V12","2021 nov-ene","Y15T24","15-24 años","_T","Ambos sexos",37.6013190923797,,
"INF_TOI_P2017","Tasa de ocupación informal (proyecciones base 2017)","2021-V12","2021 nov-ene","Y25T34","25-34 años","_T","Ambos sexos",25.9483303162239,,
"INF_TOI_P2017","Tasa de ocupación informal (proyecciones base 2017)","2021-V12","2021 nov-ene","Y35T44","35-44 años","_T","Ambos sexos",23.6577275606205,,
"INF_TOI_P2017","Tasa de ocupación informal (proyecciones base 2017)","2021-V12","2021 nov-ene","Y45T54","45-54 años","_T","Ambos sexos",25.5716830697383,,
"INF_TOI_P2017","Tasa de ocupación informal (proyecciones base 2017)","2021-V12","2021 nov-ene","Y55T64","55-64 años","_T","Ambos sexos",29.785347001729,,
"INF_TOI_P2017","Tasa de ocupación informal (proyecciones base 2017)","2021-V12","2021 nov-ene","Y_GE65","65 años y más","_T","Ambos sexos",51.1685349880479,,
"INF_TOI_P2017","Tasa de ocupación informal (proyecciones base 2017)","2022-V01","2022 dic-feb","_T","Total","_T","Ambos sexos",27.814109773073,,
"INF_TOI_P2017","Tasa de ocupación informal (proyecciones base 2017)","2022-V01","2022 dic-feb","Y15T24","15-24 años","_T","Ambos sexos",37.8690673515382,,
"INF_TOI_P2017","Tasa de ocupación informal (proyecciones base 2017)","2022-V01","2022 dic-feb","Y25T34","25-34 años","_T","Ambos sexos",25.7019112649735,,
"INF_TOI_P2017","Tasa de ocupación informal (proyecciones base 2017)","2022-V01","2022 dic-feb","Y35T44","35-44 años","_T","Ambos sexos",23.1049933631814,,
"INF_TOI_P2017","Tasa de ocupación informal (proyecciones base 2017)","2022-V01","2022 dic-feb","Y45T54","45-54 años","_T","Ambos sexos",25.3492165984202,,
"INF_TOI_P2017","Tasa de ocupación informal (proyecciones base 2017)","2022-V01","2022 dic-feb","Y55T64","55-64 años","_T","Ambos sexos",30.1116099221617,,
"INF_TOI_P2017","Tasa de ocupación informal (proyecciones base 2017)","2022-V01","2022 dic-feb","Y_GE65","65 años y más","_T","Ambos sexos",50.2306709941077,,
"INF_TOI_P2017","Tasa de ocupación informal (proyecciones base 2017)","2022-V02","2022 ene-mar","_T","Total","_T","Ambos sexos",27.2676043684776,,
"INF_TOI_P2017","Tasa de ocupación informal (proyecciones base 2017)","2022-V02","2022 ene-mar","Y15T24","15-24 años","_T","Ambos sexos",36.2652360207661,,
"INF_TOI_P2017","Tasa de ocupación informal (proyecciones base 2017)","2022-V02","2022 ene-mar","Y25T34","25-34 años","_T","Ambos sexos",24.8974106629475,,
"INF_TOI_P2017","Tasa de ocupación informal (proyecciones base 2017)","2022-V02","2022 ene-mar","Y35T44","35-44 años","_T","Ambos sexos",22.3274171676374,,
"INF_TOI_P2017","Tasa de ocupación informal (proyecciones base 2017)","2022-V02","2022 ene-mar","Y45T54","45-54 años","_T","Ambos sexos",25.2340365818459,,
"INF_TOI_P2017","Tasa de ocupación informal (proyecciones base 2017)","2022-V02","2022 ene-mar","Y55T64","55-64 años","_T","Ambos sexos",30.0933392998187,,
"INF_TOI_P2017","Tasa de ocupación informal (proyecciones base 2017)","2022-V02","2022 ene-mar","Y_GE65","65 años y más","_T","Ambos sexos",50.0342272682358,,
"INF_TOI_P2017","Tasa de ocupación informal (proyecciones base 2017)","2022-V03","2022 feb-abr","_T","Total","_T","Ambos sexos",27.1699928594842,,
"INF_TOI_P2017","Tasa de ocupación informal (proyecciones base 2017)","2022-V03","2022 feb-abr","Y15T24","15-24 años","_T","Ambos sexos",34.9623872810016,,
"INF_TOI_P2017","Tasa de ocupación informal (proyecciones base 2017)","2022-V03","2022 feb-abr","Y25T34","25-34 años","_T","Ambos sexos",24.2510259199152,,
"INF_TOI_P2017","Tasa de ocupación informal (proyecciones base 2017)","2022-V03","2022 feb-abr","Y35T44","35-44 años","_T","Ambos sexos",22.2953412663395,,
"INF_TOI_P2017","Tasa de ocupación informal (proyecciones base 2017)","2022-V03","2022 feb-abr","Y45T54","45-54 años","_T","Ambos sexos",25.1694590561753,,
"INF_TOI_P2017","Tasa de ocupación informal (proyecciones base 2017)","2022-V03","2022 feb-abr","Y55T64","55-64 años","_T","Ambos sexos",30.6697789342629,,
"INF_TOI_P2017","Tasa de ocupación informal (proyecciones base 2017)","2022-V03","2022 feb-abr","Y_GE65","65 años y más","_T","Ambos sexos",51.7638527987702,,
"INF_TOI_P2017","Tasa de ocupación informal (proyecciones base 2017)","2022-V04","2022 mar-may","_T","Total","_T","Ambos sexos",27.3491697496666,,
"INF_TOI_P2017","Tasa de ocupación informal (proyecciones base 2017)","2022-V04","2022 mar-may","Y15T24","15-24 años","_T","Ambos sexos",34.0417684995879,,
"INF_TOI_P2017","Tasa de ocupación informal (proyecciones base 2017)","2022-V04","2022 mar-may","Y25T34","25-34 años","_T","Ambos sexos",24.1913533343571,,
"INF_TOI_P2017","Tasa de ocupación informal (proyecciones base 2017)","2022-V04","2022 mar-may","Y35T44","35-44 años","_T","Ambos sexos",22.4936430714081,,
"INF_TOI_P2017","Tasa de ocupación informal (proyecciones base 2017)","2022-V04","2022 mar-may","Y45T54","45-54 años","_T","Ambos sexos",26.3661674468534,,
"INF_TOI_P2017","Tasa de ocupación informal (proyecciones base 2017)","2022-V04","2022 mar-may","Y55T64","55-64 años","_T","Ambos sexos",30.3335850694167,,
"INF_TOI_P2017","Tasa de ocupación informal (proyecciones base 2017)","2022-V04","2022 mar-may","Y_GE65","65 años y más","_T","Ambos sexos",51.4900139089586,,
"INF_TOI_P2017","Tasa de ocupación informal (proyecciones base 2017)","2022-V05","2022 abr-jun","_T","Total","_T","Ambos sexos",27.1081242187164,,
"INF_TOI_P2017","Tasa de ocupación informal (proyecciones base 2017)","2022-V05","2022 abr-jun","Y15T24","15-24 años","_T","Ambos sexos",32.4077301566077,,
"INF_TOI_P2017","Tasa de ocupación informal (proyecciones base 2017)","2022-V05","2022 abr-jun","Y25T34","25-34 años","_T","Ambos sexos",23.7839673202521,,
"INF_TOI_P2017","Tasa de ocupación informal (proyecciones base 2017)","2022-V05","2022 abr-jun","Y35T44","35-44 años","_T","Ambos sexos",22.5055597755332,,
"INF_TOI_P2017","Tasa de ocupación informal (proyecciones base 2017)","2022-V05","2022 abr-jun","Y45T54","45-54 años","_T","Ambos sexos",26.8842867746726,,
"INF_TOI_P2017","Tasa de ocupación informal (proyecciones base 2017)","2022-V05","2022 abr-jun","Y55T64","55-64 años","_T","Ambos sexos",29.2622609753227,,
"INF_TOI_P2017","Tasa de ocupación informal (proyecciones base 2017)","2022-V05","2022 abr-jun","Y_GE65","65 años y más","_T","Ambos sexos",52.0847893657395,,
"INF_TOI_P2017","Tasa de ocupación informal (proyecciones base 2017)","2022-V06","2022 may-jul","_T","Total","_T","Ambos sexos",26.6389112051481,,
"INF_TOI_P2017","Tasa de ocupación informal (proyecciones base 2017)","2022-V06","2022 may-jul","Y15T24","15-24 años","_T","Ambos sexos",33.251124848093,,
"INF_TOI_P2017","Tasa de ocupación informal (proyecciones base 2017)","2022-V06","2022 may-jul","Y25T34","25-34 años","_T","Ambos sexos",23.7218324869045,,
"INF_TOI_P2017","Tasa de ocupación informal (proyecciones base 2017)","2022-V06","2022 may-jul","Y35T44","35-44 años","_T","Ambos sexos",21.80781325052,,
"INF_TOI_P2017","Tasa de ocupación informal (proyecciones base 2017)","2022-V06","2022 may-jul","Y45T54","45-54 años","_T","Ambos sexos",25.6525610090312,,
"INF_TOI_P2017","Tasa de ocupación informal (proyecciones base 2017)","2022-V06","2022 may-jul","Y55T64","55-64 años","_T","Ambos sexos",28.6991583649691,,
"INF_TOI_P2017","Tasa de ocupación informal (proyecciones base 2017)","2022-V06","2022 may-jul","Y_GE65","65 años y más","_T","Ambos sexos",51.8453685790839,,
"INF_TOI_P2017","Tasa de ocupación informal (proyecciones base 2017)","2022-V07","2022 jun-ago","_T","Total","_T","Ambos sexos",26.6611429375262,,
"INF_TOI_P2017","Tasa de ocupación informal (proyecciones base 2017)","2022-V07","2022 jun-ago","Y15T24","15-24 años","_T","Ambos sexos",34.7788555866356,,
"INF_TOI_P2017","Tasa de ocupación informal (proyecciones base 2017)","2022-V07","2022 jun-ago","Y25T34","25-34 años","_T","Ambos sexos",23.4963095771819,,
"INF_TOI_P2017","Tasa de ocupación informal (proyecciones base 2017)","2022-V07","2022 jun-ago","Y35T44","35-44 años","_T","Ambos sexos",21.5308463338223,,
"INF_TOI_P2017","Tasa de ocupación informal (proyecciones base 2017)","2022-V07","2022 jun-ago","Y45T54","45-54 años","_T","Ambos sexos",25.4445375704114,,
"INF_TOI_P2017","Tasa de ocupación informal (proyecciones base 2017)","2022-V07","2022 jun-ago","Y55T64","55-64 años","_T","Ambos sexos",29.1467719666881,,
"INF_TOI_P2017","Tasa de ocupación informal (proyecciones base 2017)","2022-V07","2022 jun-ago","Y_GE65","65 años y más","_T","Ambos sexos",52.5108082941882,,
"INF_TOI_P2017","Tasa de ocupación informal (proyecciones base 2017)","2022-V08","2022 jul-sep","_T","Total","_T","Ambos sexos",27.0620185283468,,
"INF_TOI_P2017","Tasa de ocupación informal (proyecciones base 2017)","2022-V08","2022 jul-sep","Y15T24","15-24 años","_T","Ambos sexos",38.9108607029803,,
"INF_TOI_P2017","Tasa de ocupación informal (proyecciones base 2017)","2022-V08","2022 jul-sep","Y25T34","25-34 años","_T","Ambos sexos",23.6352000055834,,
"INF_TOI_P2017","Tasa de ocupación informal (proyecciones base 2017)","2022-V08","2022 jul-sep","Y35T44","35-44 años","_T","Ambos sexos",21.4986322909826,,
"INF_TOI_P2017","Tasa de ocupación informal (proyecciones base 2017)","2022-V08","2022 jul-sep","Y45T54","45-54 años","_T","Ambos sexos",25.047572753237,,
"INF_TOI_P2017","Tasa de ocupación informal (proyecciones base 2017)","2022-V08","2022 jul-sep","Y55T64","55-64 años","_T","Ambos sexos",30.0235171334682,,
"INF_TOI_P2017","Tasa de ocupación informal (proyecciones base 2017)","2022-V08","2022 jul-sep","Y_GE65","65 años y más","_T","Ambos sexos",53.5074739191845,,
"INF_TOI_P2017","Tasa de ocupación informal (proyecciones base 2017)","2022-V09","2022 ago-oct","_T","Total","_T","Ambos sexos",27.6656942928838,,
"INF_TOI_P2017","Tasa de ocupación informal (proyecciones base 2017)","2022-V09","2022 ago-oct","Y15T24","15-24 años","_T","Ambos sexos",38.3521060345702,,
"INF_TOI_P2017","Tasa de ocupación informal (proyecciones base 2017)","2022-V09","2022 ago-oct","Y25T34","25-34 años","_T","Ambos sexos",23.9304940292363,,
"INF_TOI_P2017","Tasa de ocupación informal (proyecciones base 2017)","2022-V09","2022 ago-oct","Y35T44","35-44 años","_T","Ambos sexos",22.5435858088357,,
"INF_TOI_P2017","Tasa de ocupación informal (proyecciones base 2017)","2022-V09","2022 ago-oct","Y45T54","45-54 años","_T","Ambos sexos",25.9762534589765,,
"INF_TOI_P2017","Tasa de ocupación informal (proyecciones base 2017)","2022-V09","2022 ago-oct","Y55T64","55-64 años","_T","Ambos sexos",30.663176143299,,
"INF_TOI_P2017","Tasa de ocupación informal (proyecciones base 2017)","2022-V09","2022 ago-oct","Y_GE65","65 años y más","_T","Ambos sexos",54.0829316907575,,
"INF_TOI_P2017","Tasa de ocupación informal (proyecciones base 2017)","2022-V10","2022 sep-nov","_T","Total","_T","Ambos sexos",27.2768812567073,,
"INF_TOI_P2017","Tasa de ocupación informal (proyecciones base 2017)","2022-V10","2022 sep-nov","Y15T24","15-24 años","_T","Ambos sexos",37.147568334183,,
"INF_TOI_P2017","Tasa de ocupación informal (proyecciones base 2017)","2022-V10","2022 sep-nov","Y25T34","25-34 años","_T","Ambos sexos",23.6841600001711,,
"INF_TOI_P2017","Tasa de ocupación informal (proyecciones base 2017)","2022-V10","2022 sep-nov","Y35T44","35-44 años","_T","Ambos sexos",22.4378434155816,,
"INF_TOI_P2017","Tasa de ocupación informal (proyecciones base 2017)","2022-V10","2022 sep-nov","Y45T54","45-54 años","_T","Ambos sexos",24.7154396365055,,
"INF_TOI_P2017","Tasa de ocupación informal (proyecciones base 2017)","2022-V10","2022 sep-nov","Y55T64","55-64 años","_T","Ambos sexos",30.7226641235213,,
"INF_TOI_P2017","Tasa de ocupación informal (proyecciones base 2017)","2022-V10","2022 sep-nov","Y_GE65","65 años y más","_T","Ambos sexos",54.643005962443,,
"INF_TOI_P2017","Tasa de ocupación informal (proyecciones base 2017)","2022-V11","2022 oct-dic","_T","Total","_T","Ambos sexos",27.3675578546564,,
"INF_TOI_P2017","Tasa de ocupación informal (proyecciones base 2017)","2022-V11","2022 oct-dic","Y15T24","15-24 años","_T","Ambos sexos",34.5706277365407,,
"INF_TOI_P2017","Tasa de ocupación informal (proyecciones base 2017)","2022-V11","2022 oct-dic","Y25T34","25-34 años","_T","Ambos sexos",24.3816587466685,,
"INF_TOI_P2017","Tasa de ocupación informal (proyecciones base 2017)","2022-V11","2022 oct-dic","Y35T44","35-44 años","_T","Ambos sexos",22.0312950247727,,
"INF_TOI_P2017","Tasa de ocupación informal (proyecciones base 2017)","2022-V11","2022 oct-dic","Y45T54","45-54 años","_T","Ambos sexos",25.0734407571418,,
"INF_TOI_P2017","Tasa de ocupación informal (proyecciones base 2017)","2022-V11","2022 oct-dic","Y55T64","55-64 años","_T","Ambos sexos",31.4049307764444,,
"INF_TOI_P2017","Tasa de ocupación informal (proyecciones base 2017)","2022-V11","2022 oct-dic","Y_GE65","65 años y más","_T","Ambos sexos",54.363509352234,,
"INF_TOI_P2017","Tasa de ocupación informal (proyecciones base 2017)","2022-V12","2022 nov-ene","_T","Total","_T","Ambos sexos",27.2738059144878,,
"INF_TOI_P2017","Tasa de ocupación informal (proyecciones base 2017)","2022-V12","2022 nov-ene","Y15T24","15-24 años","_T","Ambos sexos",35.2847292127615,,
"INF_TOI_P2017","Tasa de ocupación informal (proyecciones base 2017)","2022-V12","2022 nov-ene","Y25T34","25-34 años","_T","Ambos sexos",24.2063804543916,,
"INF_TOI_P2017","Tasa de ocupación informal (proyecciones base 2017)","2022-V12","2022 nov-ene","Y35T44","35-44 años","_T","Ambos sexos",21.9158077736569,,
"INF_TOI_P2017","Tasa de ocupación informal (proyecciones base 2017)","2022-V12","2022 nov-ene","Y45T54","45-54 años","_T","Ambos sexos",24.837803129166,,
"INF_TOI_P2017","Tasa de ocupación informal (proyecciones base 2017)","2022-V12","2022 nov-ene","Y55T64","55-64 años","_T","Ambos sexos",31.6474502545296,,
"INF_TOI_P2017","Tasa de ocupación informal (proyecciones base 2017)","2022-V12","2022 nov-ene","Y_GE65","65 años y más","_T","Ambos sexos",52.2152162021341,,
"INF_TOI_P2017","Tasa de ocupación informal (proyecciones base 2017)","2023-V01","2023 dic-feb","_T","Total","_T","Ambos sexos",27.3132663166086,,
"INF_TOI_P2017","Tasa de ocupación informal (proyecciones base 2017)","2023-V01","2023 dic-feb","Y15T24","15-24 años","_T","Ambos sexos",35.7616914653758,,
"INF_TOI_P2017","Tasa de ocupación informal (proyecciones base 2017)","2023-V01","2023 dic-feb","Y25T34","25-34 años","_T","Ambos sexos",24.3354193745889,,
"INF_TOI_P2017","Tasa de ocupación informal (proyecciones base 2017)","2023-V01","2023 dic-feb","Y35T44","35-44 años","_T","Ambos sexos",21.619270359343,,
"INF_TOI_P2017","Tasa de ocupación informal (proyecciones base 2017)","2023-V01","2023 dic-feb","Y45T54","45-54 años","_T","Ambos sexos",25.4439423146894,,
"INF_TOI_P2017","Tasa de ocupación informal (proyecciones base 2017)","2023-V01","2023 dic-feb","Y55T64","55-64 años","_T","Ambos sexos",31.2696420936891,,
"INF_TOI_P2017","Tasa de ocupación informal (proyecciones base 2017)","2023-V01","2023 dic-feb","Y_GE65","65 años y más","_T","Ambos sexos",51.0633705002758,,
"INF_TOI_P2017","Tasa de ocupación informal (proyecciones base 2017)","2023-V02","2023 ene-mar","_T","Total","_T","Ambos sexos",27.4485766769042,,
"INF_TOI_P2017","Tasa de ocupación informal (proyecciones base 2017)","2023-V02","2023 ene-mar","Y15T24","15-24 años","_T","Ambos sexos",36.5426328681969,,
"INF_TOI_P2017","Tasa de ocupación informal (proyecciones base 2017)","2023-V02","2023 ene-mar","Y25T34","25-34 años","_T","Ambos sexos",23.8521057440558,,
"INF_TOI_P2017","Tasa de ocupación informal (proyecciones base 2017)","2023-V02","2023 ene-mar","Y35T44","35-44 años","_T","Ambos sexos",22.0298984245657,,
"INF_TOI_P2017","Tasa de ocupación informal (proyecciones base 2017)","2023-V02","2023 ene-mar","Y45T54","45-54 años","_T","Ambos sexos",25.8615309436297,,
"INF_TOI_P2017","Tasa de ocupación informal (proyecciones base 2017)","2023-V02","2023 ene-mar","Y55T64","55-64 años","_T","Ambos sexos",31.2716000649211,,
"INF_TOI_P2017","Tasa de ocupación informal (proyecciones base 2017)","2023-V02","2023 ene-mar","Y_GE65","65 años y más","_T","Ambos sexos",51.4485131896657,,
"INF_TOI_P2017","Tasa de ocupación informal (proyecciones base 2017)","2023-V03","2023 feb-abr","_T","Total","_T","Ambos sexos",27.3571132731307,,
"INF_TOI_P2017","Tasa de ocupación informal (proyecciones base 2017)","2023-V03","2023 feb-abr","Y15T24","15-24 años","_T","Ambos sexos",36.3093820543287,,
"INF_TOI_P2017","Tasa de ocupación informal (proyecciones base 2017)","2023-V03","2023 feb-abr","Y25T34","25-34 años","_T","Ambos sexos",24.0250056229848,,
"INF_TOI_P2017","Tasa de ocupación informal (proyecciones base 2017)","2023-V03","2023 feb-abr","Y35T44","35-44 años","_T","Ambos sexos",21.9734905286302,,
"INF_TOI_P2017","Tasa de ocupación informal (proyecciones base 2017)","2023-V03","2023 feb-abr","Y45T54","45-54 años","_T","Ambos sexos",25.8864068740941,,
"INF_TOI_P2017","Tasa de ocupación informal (proyecciones base 2017)","2023-V03","2023 feb-abr","Y55T64","55-64 años","_T","Ambos sexos",30.4696530810797,,
"INF_TOI_P2017","Tasa de ocupación informal (proyecciones base 2017)","2023-V03","2023 feb-abr","Y_GE65","65 años y más","_T","Ambos sexos",52.1142455210331,,
"INF_TOI_P2017","Tasa de ocupación informal (proyecciones base 2017)","2023-V04","2023 mar-may","_T","Total","_T","Ambos sexos",27.3843699946485,,
"INF_TOI_P2017","Tasa de ocupación informal (proyecciones base 2017)","2023-V04","2023 mar-may","Y15T24","15-24 años","_T","Ambos sexos",35.3984873951875,,
"INF_TOI_P2017","Tasa de ocupación informal (proyecciones base 2017)","2023-V04","2023 mar-may","Y25T34","25-34 años","_T","Ambos sexos",23.5706887617938,,
"INF_TOI_P2017","Tasa de ocupación informal (proyecciones base 2017)","2023-V04","2023 mar-may","Y35T44","35-44 años","_T","Ambos sexos",22.5842776268928,,
"INF_TOI_P2017","Tasa de ocupación informal (proyecciones base 2017)","2023-V04","2023 mar-may","Y45T54","45-54 años","_T","Ambos sexos",26.0780771571459,,
"INF_TOI_P2017","Tasa de ocupación informal (proyecciones base 2017)","2023-V04","2023 mar-may","Y55T64","55-64 años","_T","Ambos sexos",30.6745370390332,,
"INF_TOI_P2017","Tasa de ocupación informal (proyecciones base 2017)","2023-V04","2023 mar-may","Y_GE65","65 años y más","_T","Ambos sexos",52.7949661294925,,
"INF_TOI_P2017","Tasa de ocupación informal (proyecciones base 2017)","2023-V05","2023 abr-jun","_T","Total","_T","Ambos sexos",27.1752718276984,,
"INF_TOI_P2017","Tasa de ocupación informal (proyecciones base 2017)","2023-V05","2023 abr-jun","Y15T24","15-24 años","_T","Ambos sexos",36.3944693747525,,
"INF_TOI_P2017","Tasa de ocupación informal (proyecciones base 2017)","2023-V05","2023 abr-jun","Y25T34","25-34 años","_T","Ambos sexos",23.7103915665038,,
"INF_TOI_P2017","Tasa de ocupación informal (proyecciones base 2017)","2023-V05","2023 abr-jun","Y35T44","35-44 años","_T","Ambos sexos",22.4092478331843,,
"INF_TOI_P2017","Tasa de ocupación informal (proyecciones base 2017)","2023-V05","2023 abr-jun","Y45T54","45-54 años","_T","Ambos sexos",25.54918345671,,
"INF_TOI_P2017","Tasa de ocupación informal (proyecciones base 2017)","2023-V05","2023 abr-jun","Y55T64","55-64 años","_T","Ambos sexos",29.7992443669066,,
"INF_TOI_P2017","Tasa de ocupación informal (proyecciones base 2017)","2023-V05","2023 abr-jun","Y_GE65","65 años y más","_T","Ambos sexos",52.5799841681847,,
"INF_TOI_P2017","Tasa de ocupación informal (proyecciones base 2017)","2023-V06","2023 may-jul","_T","Total","_T","Ambos sexos",26.8676509362502,,
"INF_TOI_P2017","Tasa de ocupación informal (proyecciones base 2017)","2023-V06","2023 may-jul","Y15T24","15-24 años","_T","Ambos sexos",36.4950606215882,,
"INF_TOI_P2017","Tasa de ocupación informal (proyecciones base 2017)","2023-V06","2023 may-jul","Y25T34","25-34 años","_T","Ambos sexos",23.4592656894174,,
"INF_TOI_P2017","Tasa de ocupación informal (proyecciones base 2017)","2023-V06","2023 may-jul","Y35T44","35-44 años","_T","Ambos sexos",21.1465353702158,,
"INF_TOI_P2017","Tasa de ocupación informal (proyecciones base 2017)","2023-V06","2023 may-jul","Y45T54","45-54 años","_T","Ambos sexos",25.6074497979332,,
"INF_TOI_P2017","Tasa de ocupación informal (proyecciones base 2017)","2023-V06","2023 may-jul","Y55T64","55-64 años","_T","Ambos sexos",29.7576004581582,,
"INF_TOI_P2017","Tasa de ocupación informal (proyecciones base 2017)","2023-V06","2023 may-jul","Y_GE65","65 años y más","_T","Ambos sexos",53.451619093104,,
"INF_TOI_P2017","Tasa de ocupación informal (proyecciones base 2017)","2023-V07","2023 jun-ago","_T","Total","_T","Ambos sexos",26.7195866670557,,
"INF_TOI_P2017","Tasa de ocupación informal (proyecciones base 2017)","2023-V07","2023 jun-ago","Y15T24","15-24 años","_T","Ambos sexos",37.1886891961112,,
"INF_TOI_P2017","Tasa de ocupación informal (proyecciones base 2017)","2023-V07","2023 jun-ago","Y25T34","25-34 años","_T","Ambos sexos",23.6337111381568,,
"INF_TOI_P2017","Tasa de ocupación informal (proyecciones base 2017)","2023-V07","2023 jun-ago","Y35T44","35-44 años","_T","Ambos sexos",20.8586191149945,,
"INF_TOI_P2017","Tasa de ocupación informal (proyecciones base 2017)","2023-V07","2023 jun-ago","Y45T54","45-54 años","_T","Ambos sexos",24.9547452570082,,
"INF_TOI_P2017","Tasa de ocupación informal (proyecciones base 2017)","2023-V07","2023 jun-ago","Y55T64","55-64 años","_T","Ambos sexos",29.2546246666366,,
"INF_TOI_P2017","Tasa de ocupación informal (proyecciones base 2017)","2023-V07","2023 jun-ago","Y_GE65","65 años y más","_T","Ambos sexos",53.6875311960159,,
"INF_TOI_P2017","Tasa de ocupación informal (proyecciones base 2017)","2023-V08","2023 jul-sep","_T","Total","_T","Ambos sexos",26.6761779774849,,
"INF_TOI_P2017","Tasa de ocupación informal (proyecciones base 2017)","2023-V08","2023 jul-sep","Y15T24","15-24 años","_T","Ambos sexos",36.0311358984826,,
"INF_TOI_P2017","Tasa de ocupación informal (proyecciones base 2017)","2023-V08","2023 jul-sep","Y25T34","25-34 años","_T","Ambos sexos",23.4454751277707,,
"INF_TOI_P2017","Tasa de ocupación informal (proyecciones base 2017)","2023-V08","2023 jul-sep","Y35T44","35-44 años","_T","Ambos sexos",20.9204741248964,,
"INF_TOI_P2017","Tasa de ocupación informal (proyecciones base 2017)","2023-V08","2023 jul-sep","Y45T54","45-54 años","_T","Ambos sexos",24.759920018164,,
"INF_TOI_P2017","Tasa de ocupación informal (proyecciones base 2017)","2023-V08","2023 jul-sep","Y55T64","55-64 años","_T","Ambos sexos",29.8264195914963,,
"INF_TOI_P2017","Tasa de ocupación informal (proyecciones base 2017)","2023-V08","2023 jul-sep","Y_GE65","65 años y más","_T","Ambos sexos",53.3996953127271,,
"INF_TOI_P2017","Tasa de ocupación informal (proyecciones base 2017)","2023-V09","2023 ago-oct","_T","Total","_T","Ambos sexos",27.0402185561522,,
"INF_TOI_P2017","Tasa de ocupación informal (proyecciones base 2017)","2023-V09","2023 ago-oct","Y15T24","15-24 años","_T","Ambos sexos",36.4982935803265,,
"INF_TOI_P2017","Tasa de ocupación informal (proyecciones base 2017)","2023-V09","2023 ago-oct","Y25T34","25-34 años","_T","Ambos sexos",23.8763485112009,,
"INF_TOI_P2017","Tasa de ocupación informal (proyecciones base 2017)","2023-V09","2023 ago-oct","Y35T44","35-44 años","_T","Ambos sexos",21.5453948830063,,
"INF_TOI_P2017","Tasa de ocupación informal (proyecciones base 2017)","2023-V09","2023 ago-oct","Y45T54","45-54 años","_T","Ambos sexos",25.0632880505649,,
"INF_TOI_P2017","Tasa de ocupación informal (proyecciones base 2017)","2023-V09","2023 ago-oct","Y55T64","55-64 años","_T","Ambos sexos",29.4834988576001,,
"INF_TOI_P2017","Tasa de ocupación informal (proyecciones base 2017)","2023-V09","2023 ago-oct","Y_GE65","65 años y más","_T","Ambos sexos",53.8441528260927,,
"INF_TOI_P2017","Tasa de ocupación informal (proyecciones base 2017)","2023-V10","2023 sep-nov","_T","Total","_T","Ambos sexos",27.4640284438407,,
"INF_TOI_P2017","Tasa de ocupación informal (proyecciones base 2017)","2023-V10","2023 sep-nov","Y15T24","15-24 años","_T","Ambos sexos",36.5580361169476,,
"INF_TOI_P2017","Tasa de ocupación informal (proyecciones base 2017)","2023-V10","2023 sep-nov","Y25T34","25-34 años","_T","Ambos sexos",23.7889862973407,,
"INF_TOI_P2017","Tasa de ocupación informal (proyecciones base 2017)","2023-V10","2023 sep-nov","Y35T44","35-44 años","_T","Ambos sexos",22.0047680113453,,
"INF_TOI_P2017","Tasa de ocupación informal (proyecciones base 2017)","2023-V10","2023 sep-nov","Y45T54","45-54 años","_T","Ambos sexos",26.0727883578231,,
"INF_TOI_P2017","Tasa de ocupación informal (proyecciones base 2017)","2023-V10","2023 sep-nov","Y55T64","55-64 años","_T","Ambos sexos",29.9874944909794,,
"INF_TOI_P2017","Tasa de ocupación informal (proyecciones base 2017)","2023-V10","2023 sep-nov","Y_GE65","65 años y más","_T","Ambos sexos",54.0741158720316,,
"INF_TOI_P2017","Tasa de ocupación informal (proyecciones base 2017)","2023-V11","2023 oct-dic","_T","Total","_T","Ambos sexos",27.5316144196937,,
"INF_TOI_P2017","Tasa de ocupación informal (proyecciones base 2017)","2023-V11","2023 oct-dic","Y15T24","15-24 años","_T","Ambos sexos",36.7032807494108,,
"INF_TOI_P2017","Tasa de ocupación informal (proyecciones base 2017)","2023-V11","2023 oct-dic","Y25T34","25-34 años","_T","Ambos sexos",23.849208143183,,
"INF_TOI_P2017","Tasa de ocupación informal (proyecciones base 2017)","2023-V11","2023 oct-dic","Y35T44","35-44 años","_T","Ambos sexos",21.7176916269324,,
"INF_TOI_P2017","Tasa de ocupación informal (proyecciones base 2017)","2023-V11","2023 oct-dic","Y45T54","45-54 años","_T","Ambos sexos",26.536689724428,,
"INF_TOI_P2017","Tasa de ocupación informal (proyecciones base 2017)","2023-V11","2023 oct-dic","Y55T64","55-64 años","_T","Ambos sexos",29.9181649013866,,
"INF_TOI_P2017","Tasa de ocupación informal (proyecciones base 2017)","2023-V11","2023 oct-dic","Y_GE65","65 años y más","_T","Ambos sexos",54.7658527346539,,
"INF_TOI_P2017","Tasa de ocupación informal (proyecciones base 2017)","2023-V12","2023 nov-ene","_T","Total","_T","Ambos sexos",27.5508959724341,,
"INF_TOI_P2017","Tasa de ocupación informal (proyecciones base 2017)","2023-V12","2023 nov-ene","Y15T24","15-24 años","_T","Ambos sexos",36.0390668380955,,
"INF_TOI_P2017","Tasa de ocupación informal (proyecciones base 2017)","2023-V12","2023 nov-ene","Y25T34","25-34 años","_T","Ambos sexos",23.679607655949,,
"INF_TOI_P2017","Tasa de ocupación informal (proyecciones base 2017)","2023-V12","2023 nov-ene","Y35T44","35-44 años","_T","Ambos sexos",21.9539294473535,,
"INF_TOI_P2017","Tasa de ocupación informal (proyecciones base 2017)","2023-V12","2023 nov-ene","Y45T54","45-54 años","_T","Ambos sexos",26.3571281136083,,
"INF_TOI_P2017","Tasa de ocupación informal (proyecciones base 2017)","2023-V12","2023 nov-ene","Y55T64","55-64 años","_T","Ambos sexos",30.4675809980357,,
"INF_TOI_P2017","Tasa de ocupación informal (proyecciones base 2017)","2023-V12","2023 nov-ene","Y_GE65","65 años y más","_T","Ambos sexos",54.757997544103,,
"INF_TOI_P2017","Tasa de ocupación informal (proyecciones base 2017)","2024-V01","2024 dic-feb","_T","Total","_T","Ambos sexos",27.378800997919,,
"INF_TOI_P2017","Tasa de ocupación informal (proyecciones base 2017)","2024-V01","2024 dic-feb","Y15T24","15-24 años","_T","Ambos sexos",36.9796596895805,,
"INF_TOI_P2017","Tasa de ocupación informal (proyecciones base 2017)","2024-V01","2024 dic-feb","Y25T34","25-34 años","_T","Ambos sexos",23.8286360836685,,
"INF_TOI_P2017","Tasa de ocupación informal (proyecciones base 2017)","2024-V01","2024 dic-feb","Y35T44","35-44 años","_T","Ambos sexos",21.5651301939438,,
"INF_TOI_P2017","Tasa de ocupación informal (proyecciones base 2017)","2024-V01","2024 dic-feb","Y45T54","45-54 años","_T","Ambos sexos",25.6588195518829,,
"INF_TOI_P2017","Tasa de ocupación informal (proyecciones base 2017)","2024-V01","2024 dic-feb","Y55T64","55-64 años","_T","Ambos sexos",30.095446102651,,
"INF_TOI_P2017","Tasa de ocupación informal (proyecciones base 2017)","2024-V01","2024 dic-feb","Y_GE65","65 años y más","_T","Ambos sexos",54.3981618962239,,
"INF_TOI_P2017","Tasa de ocupación informal (proyecciones base 2017)","2024-V02","2024 ene-mar","_T","Total","_T","Ambos sexos",28.0881923582672,,
"INF_TOI_P2017","Tasa de ocupación informal (proyecciones base 2017)","2024-V02","2024 ene-mar","Y15T24","15-24 años","_T","Ambos sexos",37.6416580084309,,
"INF_TOI_P2017","Tasa de ocupación informal (proyecciones base 2017)","2024-V02","2024 ene-mar","Y25T34","25-34 años","_T","Ambos sexos",24.0192643728293,,
"INF_TOI_P2017","Tasa de ocupación informal (proyecciones base 2017)","2024-V02","2024 ene-mar","Y35T44","35-44 años","_T","Ambos sexos",22.1891054557123,,
"INF_TOI_P2017","Tasa de ocupación informal (proyecciones base 2017)","2024-V02","2024 ene-mar","Y45T54","45-54 años","_T","Ambos sexos",26.722137834755,,
"INF_TOI_P2017","Tasa de ocupación informal (proyecciones base 2017)","2024-V02","2024 ene-mar","Y55T64","55-64 años","_T","Ambos sexos",31.032314797752,,
"INF_TOI_P2017","Tasa de ocupación informal (proyecciones base 2017)","2024-V02","2024 ene-mar","Y_GE65","65 años y más","_T","Ambos sexos",55.7849725314983,,
"INF_TOI_P2017","Tasa de ocupación informal (proyecciones base 2017)","2024-V03","2024 feb-abr","_T","Total","_T","Ambos sexos",28.213575301786,,
"INF_TOI_P2017","Tasa de ocupación informal (proyecciones base 2017)","2024-V03","2024 feb-abr","Y15T24","15-24 años","_T","Ambos sexos",37.9585582675669,,
"INF_TOI_P2017","Tasa de ocupación informal (proyecciones base 2017)","2024-V03","2024 feb-abr","Y25T34","25-34 años","_T","Ambos sexos",24.3100562842976,,
"INF_TOI_P2017","Tasa de ocupación informal (proyecciones base 2017)","2024-V03","2024 feb-abr","Y35T44","35-44 años","_T","Ambos sexos",22.5945050907701,,
"INF_TOI_P2017","Tasa de ocupación informal (proyecciones base 2017)","2024-V03","2024 feb-abr","Y45T54","45-54 años","_T","Ambos sexos",26.0787696633136,,
"INF_TOI_P2017","Tasa de ocupación informal (proyecciones base 2017)","2024-V03","2024 feb-abr","Y55T64","55-64 años","_T","Ambos sexos",31.3646861190739,,
"INF_TOI_P2017","Tasa de ocupación informal (proyecciones base 2017)","2024-V03","2024 feb-abr","Y_GE65","65 años y más","_T","Ambos sexos",56.6142917105513,,
"INF_TOI_P2017","Tasa de ocupación informal (proyecciones base 2017)","2024-V04","2024 mar-may","_T","Total","_T","Ambos sexos",28.2093385630843,,
"INF_TOI_P2017","Tasa de ocupación informal (proyecciones base 2017)","2024-V04","2024 mar-may","Y15T24","15-24 años","_T","Ambos sexos",37.0541131610696,,
"INF_TOI_P2017","Tasa de ocupación informal (proyecciones base 2017)","2024-V04","2024 mar-may","Y25T34","25-34 años","_T","Ambos sexos",24.9772879095081,,
"INF_TOI_P2017","Tasa de ocupación informal (proyecciones base 2017)","2024-V04","2024 mar-may","Y35T44","35-44 años","_T","Ambos sexos",22.419153227358,,
"INF_TOI_P2017","Tasa de ocupación informal (proyecciones base 2017)","2024-V04","2024 mar-may","Y45T54","45-54 años","_T","Ambos sexos",25.4063241946886,,
"INF_TOI_P2017","Tasa de ocupación informal (proyecciones base 2017)","2024-V04","2024 mar-may","Y55T64","55-64 años","_T","Ambos sexos",32.2060877610178,,
"INF_TOI_P2017","Tasa de ocupación informal (proyecciones base 2017)","2024-V04","2024 mar-may","Y_GE65","65 años y más","_T","Ambos sexos",56.8193479847432,,
